Accident_ID,Date,Time,State,Location,Road_Type,Weather_Condition,Road_Condition,Time_of_Day,Vehicle_Type,Number_of_Vehicles,Speed_Estimate_kmh,Driver_Age,Driver_Gender,Driver_Experience_Years,Cause_of_Accident,Traffic_Density,Casualties,Fatalities,Injuries,Accident_Severity,Emergency_Response_Minutes,Visibility,Seatbelt_Usage,Helmet_Usage,Alcohol_Involvement,Traffic_Control,Property_Damage_Level,Weather_Related,Accident_Category
ACC001,2024-06-28,14:01,Abuja (FCT),Market Area,Residential Road,Heavy Rain,Under Construction,Afternoon,Motorcycle,1,20,26,Male,6,Reckless Driving,High,5,4,1,Fatal,31,Moderate,Unknown,Yes,No,Police Officer,High,Yes,Motorcycle Related
ACC002,2025-12-22,01:17,Plateau,Junction,Highway,Rainy,Wet,Early Morning,Motorcycle,2,62,26,Male,2,Speeding,Low,3,0,3,Serious,10,Moderate,Unknown,Yes,No,Traffic Light,Moderate,Yes,Multi Vehicle
ACC003,2024-08-12,22:12,Edo,Expressway,Expressway,Rainy,Flooded,Night,Van,2,117,39,Male,11,Vehicle Tyre Failure,High,1,0,1,Serious,40,Poor,Yes,Not Applicable,No,Road Sign,Severe,Yes,Commercial Vehicle Related
ACC004,2024-02-08,08:16,Lagos,Rural Road,Rural Road,Rainy,Flooded,Morning,Car,1,92,20,Male,1,Speeding,Low,4,0,4,Serious,52,Moderate,Unknown,Not Applicable,No,Road Sign,High,Yes,Single Vehicle
ACC005,2024-10-23,19:24,Abuja (FCT),Residential Area,Residential Road,Rainy,Wet,Evening,Car,3,37,31,Male,11,Reckless Driving,Low,2,0,2,Minor,13,Moderate,Yes,Not Applicable,No,Traffic Light,Low,No,Pedestrian Involvement
ACC006,2025-02-28,07:43,Anambra,Rural Road,State Road,Clear,Poor Surface,Morning,Tricycle,2,70,38,Male,12,Speeding,Low,4,0,4,Serious,49,Good,Unknown,Not Applicable,No,None,High,No,Multi Vehicle
ACC007,2023-12-04,04:31,Rivers,School Area,Urban Road,Rainy,Potholes,Early Morning,Car,1,28,24,Male,1,Fatigue,Moderate,2,0,2,Minor,28,Poor,Yes,Not Applicable,No,Speed Bump,Low,Yes,Single Vehicle
ACC008,2023-01-17,09:59,Benue,Junction,Urban Road,Heavy Rain,Wet,Morning,Truck,1,25,34,Male,10,Drunk Driving,Moderate,9,1,8,Fatal,23,Poor,No,Not Applicable,Yes,Road Sign,High,Yes,Single Vehicle
ACC009,2024-04-11,11:37,Benue,Urban Road,Urban Road,Rainy,Wet,Morning,Car,1,56,41,Male,16,Poor Road Condition,Moderate,3,0,3,Minor,16,Good,Yes,Not Applicable,No,Road Sign,Low,Yes,Single Vehicle
ACC010,2025-12-09,11:43,Niger,Urban Road,State Road,Foggy,Potholes,Morning,Bus,2,41,53,Male,26,Poor Road Condition,High,1,0,1,Minor,26,Poor,No,Not Applicable,No,Road Sign,Low,Yes,Pedestrian Involvement
ACC011,2025-08-06,12:11,Lagos,Junction,Urban Road,Rainy,Flooded,Afternoon,Car,1,25,21,Female,2,Poor Road Condition,Moderate,2,0,2,Serious,20,Poor,No,Not Applicable,No,Traffic Light,Moderate,No,Single Vehicle
ACC012,2024-06-27,07:01,Akwa Ibom,Bridge,Highway,Clear,Dry,Morning,Car,2,77,49,Male,5,Speeding,Moderate,2,0,2,Serious,26,Good,No,Not Applicable,No,None,High,No,Multi Vehicle
ACC013,2024-06-07,02:25,Kano,Major Highway,Federal Road,Foggy,Dry,Early Morning,Car,2,106,30,Female,10,Fatigue,Low,5,1,4,Fatal,15,Poor,Yes,Not Applicable,No,Road Sign,Severe,Yes,Multi Vehicle
ACC014,2023-04-14,17:08,Oyo,Rural Road,State Road,Heavy Rain,Potholes,Evening,Motorcycle,2,60,25,Male,6,Drunk Driving,Low,0,0,0,Minor,34,Moderate,Unknown,Yes,Yes,None,High,Yes,Multi Vehicle
ACC015,2025-10-15,12:17,Akwa Ibom,Market Area,State Road,Heavy Rain,Dry,Afternoon,Bus,3,42,29,Male,7,Weather Condition,Moderate,6,0,6,Serious,23,Good,Yes,Not Applicable,No,Road Sign,High,Yes,Commercial Vehicle Related
ACC016,2025-03-23,06:32,Kano,Junction,Urban Road,Clear,Dry,Morning,SUV,2,62,29,Male,8,Distracted Driving,Low,2,1,1,Minor,11,Good,Unknown,Not Applicable,No,Road Sign,Moderate,No,Multi Vehicle
ACC017,2024-08-22,08:41,Lagos,Expressway,Federal Road,Rainy,Wet,Morning,SUV,3,103,31,Male,5,Speeding,High,6,2,4,Fatal,20,Moderate,No,Not Applicable,Unknown,Road Sign,Severe,No,Multi Vehicle
ACC018,2023-01-24,02:27,Anambra,Rural Road,Rural Road,Cloudy,Dry,Early Morning,Bus,2,114,29,Female,6,Speeding,Low,1,0,1,Minor,68,Good,Yes,Not Applicable,Yes,None,High,No,Multi Vehicle
ACC019,2024-05-11,20:09,Kwara,Urban Road,Urban Road,Clear,Dry,Night,Van,2,48,33,Female,10,Drunk Driving,High,2,0,2,Minor,20,Good,Yes,Not Applicable,Yes,Traffic Light,Moderate,No,Multi Vehicle
ACC020,2025-08-06,12:10,Rivers,Roundabout,State Road,Rainy,Dry,Afternoon,Trailer,3,28,27,Female,2,Mechanical Failure,Moderate,3,1,2,Serious,5,Moderate,Yes,Not Applicable,No,Roundabout,High,No,Multi Vehicle
ACC021,2025-02-16,05:05,Edo,School Area,Residential Road,Rainy,Dry,Early Morning,Car,2,31,39,Male,11,Fatigue,Moderate,1,0,1,Minor,21,Moderate,Yes,Not Applicable,No,Speed Bump,Moderate,Yes,Pedestrian Involvement
ACC022,2025-07-13,17:58,Kaduna,Major Highway,Federal Road,Clear,Dry,Evening,Bus,2,93,20,Male,1,Wrongful Turning,Moderate,5,0,5,Serious,8,Good,Unknown,Not Applicable,Unknown,None,Severe,No,Multi Vehicle
ACC023,2025-12-07,09:52,Oyo,Residential Area,Urban Road,Rainy,Wet,Morning,Tricycle,1,41,29,Male,2,Mechanical Failure,Moderate,1,0,1,Minor,8,Moderate,Unknown,Not Applicable,Unknown,Speed Bump,Low,Yes,Single Vehicle
ACC024,2025-05-02,04:23,Kano,Expressway,Expressway,Heavy Rain,Wet,Early Morning,Car,2,91,31,Female,9,Brake Failure,Moderate,2,0,2,Serious,37,Moderate,Yes,Not Applicable,No,Road Sign,Severe,Yes,Multi Vehicle
ACC025,2023-01-01,17:08,Benue,Market Area,State Road,Clear,Potholes,Evening,Motorcycle,4,42,41,Male,17,Dangerous Overtaking,Moderate,2,0,2,Minor,13,Good,Unknown,Yes,No,Road Sign,Moderate,No,Motorcycle Related
ACC026,2025-03-08,22:10,Imo,Market Area,State Road,Cloudy,Poor Surface,Night,Bus,2,64,35,Male,9,Drunk Driving,Low,5,0,5,Serious,28,Good,Yes,Not Applicable,Yes,None,High,No,Multi Vehicle
ACC027,2025-05-18,16:39,Edo,Industrial Area,State Road,Foggy,Poor Surface,Afternoon,Motorcycle,2,59,38,Male,4,Weather Condition,Moderate,5,0,5,Serious,30,Poor,Unknown,Yes,No,Traffic Light,High,No,Motorcycle Related
ACC028,2023-11-30,16:25,Lagos,Rural Road,Rural Road,Foggy,Poor Surface,Afternoon,Car,1,69,31,Male,7,Poor Road Condition,Low,1,0,1,Minor,70,Poor,Yes,Not Applicable,No,None,Moderate,Yes,Single Vehicle
ACC029,2024-10-14,17:23,Kano,Expressway,Expressway,Cloudy,Wet,Evening,Truck,1,93,35,Female,15,Speeding,Moderate,5,1,4,Fatal,42,Good,Yes,Not Applicable,No,Police Officer,Severe,No,Single Vehicle
ACC030,2024-02-29,08:26,Kwara,Expressway,Expressway,Rainy,Dry,Morning,Car,5,103,28,Male,7,Dangerous Overtaking,High,3,0,3,Minor,20,Good,No,Not Applicable,No,Road Sign,Severe,Yes,Multi Vehicle
ACC031,2025-11-06,20:06,Delta,Residential Area,Urban Road,Rainy,Wet,Night,Motorcycle,2,41,33,Female,7,Fatigue,Moderate,1,0,1,Minor,5,Moderate,Unknown,Yes,No,Police Officer,Low,Yes,Motorcycle Related
ACC032,2023-11-20,20:58,Delta,Rural Road,Rural Road,Clear,Potholes,Night,Motorcycle,2,71,26,Male,3,Wrongful Turning,Moderate,2,0,2,Minor,48,Good,Unknown,Yes,No,Police Officer,Moderate,No,Multi Vehicle
ACC033,2023-04-09,11:51,Ogun,Rural Road,State Road,Clear,Potholes,Morning,Motorcycle,1,42,40,Male,3,Distracted Driving,High,0,0,0,Minor,69,Moderate,Unknown,No,No,None,Low,No,Motorcycle Related
ACC034,2024-06-29,07:04,Oyo,Industrial Area,State Road,Rainy,Wet,Morning,SUV,1,31,32,Male,10,Mechanical Failure,High,1,0,1,Minor,8,Moderate,Yes,Not Applicable,No,None,Low,Yes,Single Vehicle
ACC035,2025-04-03,07:43,Oyo,Major Highway,Highway,Clear,Potholes,Morning,Car,3,122,44,Male,20,Reckless Driving,Moderate,4,0,4,Serious,36,Good,Yes,Not Applicable,No,Road Sign,Severe,No,Multi Vehicle
ACC036,2025-01-13,19:04,Imo,Market Area,State Road,Clear,Dry,Evening,Bus,1,25,25,Female,2,Mechanical Failure,Moderate,1,0,1,Minor,25,Good,No,Not Applicable,No,Roundabout,Low,No,Commercial Vehicle Related
ACC037,2025-10-28,18:45,Nasarawa,Rural Road,State Road,Clear,Under Construction,Evening,Motorcycle,3,105,31,Female,9,Poor Road Condition,Moderate,4,0,4,Minor,52,Good,Unknown,Yes,No,None,High,No,Multi Vehicle
ACC038,2023-03-19,20:00,Rivers,Urban Road,Urban Road,Cloudy,Potholes,Night,Motorcycle,3,54,42,Female,13,Fatigue,Moderate,4,1,3,Serious,28,Good,Unknown,No,Yes,Road Sign,Severe,No,Multi Vehicle
ACC039,2025-04-05,11:22,Ogun,Expressway,Federal Road,Cloudy,Potholes,Morning,Motorcycle,4,84,31,Male,7,Speeding,High,6,0,6,Serious,10,Moderate,Unknown,Yes,Unknown,None,Severe,No,Motorcycle Related
ACC040,2025-05-18,22:28,Oyo,Market Area,Residential Road,Rainy,Wet,Night,Car,2,31,20,Male,1,Speeding,Moderate,2,0,2,Minor,23,Poor,No,Not Applicable,No,Traffic Light,Low,No,Pedestrian Involvement
ACC041,2023-08-29,12:11,Rivers,Expressway,Expressway,Hazy,Dry,Afternoon,Car,3,113,28,Male,8,Wrongful Turning,Moderate,10,1,9,Fatal,14,Moderate,Yes,Not Applicable,No,None,Severe,Yes,Multi Vehicle
ACC042,2025-07-08,01:48,Ogun,Residential Area,Residential Road,Hazy,Poor Surface,Early Morning,Car,3,35,35,Male,4,Animal Crossing,Moderate,1,0,1,Minor,19,Moderate,Yes,Not Applicable,No,Road Sign,Low,No,Multi Vehicle
ACC043,2023-09-12,02:36,Anambra,Market Area,Urban Road,Cloudy,Potholes,Early Morning,Bus,3,59,54,Male,20,Dangerous Overtaking,High,1,0,1,Minor,28,Good,Unknown,Not Applicable,No,Traffic Light,Moderate,No,Multi Vehicle
ACC044,2023-10-13,17:20,Edo,Rural Road,State Road,Clear,Dry,Evening,Trailer,1,109,48,Male,6,Dangerous Overtaking,Low,0,0,0,Minor,28,Good,Yes,Not Applicable,No,Road Sign,Severe,No,Commercial Vehicle Related
ACC045,2023-06-16,09:53,Imo,Bridge,State Road,Heavy Rain,Wet,Morning,Car,3,62,30,Female,6,Weather Condition,High,8,3,5,Fatal,33,Poor,Yes,Not Applicable,No,Road Sign,Severe,Yes,Multi Vehicle
ACC046,2024-10-09,21:13,Kano,Junction,Federal Road,Clear,Poor Surface,Night,Truck,2,50,54,Male,31,Distracted Driving,Moderate,1,0,1,Minor,31,Good,Yes,Not Applicable,No,Traffic Light,Moderate,No,Multi Vehicle
ACC047,2023-08-11,21:33,Imo,Major Highway,Expressway,Cloudy,Dry,Night,Car,3,66,52,Male,17,Reckless Driving,High,0,0,0,Minor,33,Poor,Unknown,Not Applicable,No,Road Sign,High,No,Multi Vehicle
ACC048,2025-04-16,18:16,Kano,Market Area,State Road,Cloudy,Dry,Evening,Tricycle,2,29,43,Male,9,Drunk Driving,High,1,1,0,Serious,20,Moderate,Unknown,Not Applicable,Yes,None,Low,No,Multi Vehicle
ACC049,2025-03-16,06:29,Lagos,Expressway,Federal Road,Clear,Dry,Morning,Truck,1,95,19,Male,1,Speeding,High,1,0,1,Minor,43,Good,No,Not Applicable,No,Road Sign,High,No,Commercial Vehicle Related
ACC050,2023-04-08,07:42,Kaduna,Junction,Urban Road,Clear,Potholes,Morning,Car,4,25,45,Female,11,Brake Failure,High,4,1,3,Serious,21,Good,Yes,Not Applicable,No,Traffic Light,Moderate,Yes,Pedestrian Involvement
ACC051,2024-05-26,10:29,Ogun,Market Area,Urban Road,Clear,Dry,Morning,Motorcycle,3,47,27,Male,5,Poor Road Condition,High,2,0,2,Minor,8,Good,Unknown,No,No,Road Sign,Low,No,Multi Vehicle
ACC052,2025-01-13,08:53,Ogun,Junction,Urban Road,Clear,Dry,Morning,Bus,4,25,31,Male,5,Distracted Driving,High,2,0,2,Minor,15,Moderate,Yes,Not Applicable,No,Road Sign,Moderate,No,Commercial Vehicle Related
ACC053,2024-12-11,23:01,Lagos,Major Highway,Federal Road,Rainy,Flooded,Night,Trailer,1,107,32,Male,3,Speeding,Moderate,6,1,5,Serious,28,Moderate,Yes,Not Applicable,No,None,Severe,Yes,Single Vehicle
ACC054,2024-03-24,07:37,Kano,Major Highway,Expressway,Heavy Rain,Wet,Morning,Truck,1,105,46,Male,3,Weather Condition,High,2,0,2,Minor,42,Poor,Yes,Not Applicable,No,None,Severe,Yes,Single Vehicle
ACC055,2025-12-19,19:06,Lagos,Urban Road,Urban Road,Heavy Rain,Wet,Evening,Car,2,41,30,Male,4,Reckless Driving,Moderate,1,0,1,Minor,8,Poor,Yes,Not Applicable,No,None,Moderate,Yes,Multi Vehicle
ACC056,2025-08-08,14:22,Oyo,Urban Road,Urban Road,Foggy,Potholes,Afternoon,Motorcycle,5,45,34,Male,8,Reckless Driving,High,1,0,1,Minor,25,Poor,Unknown,No,No,Road Sign,Moderate,Yes,Motorcycle Related
ACC057,2023-12-15,17:06,Lagos,Expressway,Federal Road,Clear,Poor Surface,Evening,Trailer,3,66,51,Male,29,Wrongful Turning,Low,4,0,4,Serious,13,Good,No,Not Applicable,No,Road Sign,Severe,No,Commercial Vehicle Related
ACC058,2024-01-06,08:00,Delta,Junction,State Road,Hazy,Poor Surface,Morning,Bus,2,57,57,Male,18,Speeding,Moderate,1,0,1,Minor,29,Moderate,No,Not Applicable,No,Police Officer,Low,No,Multi Vehicle
ACC059,2024-12-07,09:28,Cross River,Major Highway,Highway,Clear,Poor Surface,Morning,Motorcycle,2,95,43,Male,9,Poor Road Condition,Moderate,5,0,5,Serious,62,Good,Unknown,Yes,No,Roundabout,Severe,No,Motorcycle Related
ACC060,2024-01-25,08:20,Ogun,Junction,State Road,Cloudy,Poor Surface,Morning,Truck,2,28,27,Male,5,Reckless Driving,Moderate,4,0,4,Serious,20,Good,Yes,Not Applicable,Unknown,Traffic Light,Moderate,No,Commercial Vehicle Related
ACC061,2024-02-15,05:14,Niger,Rural Road,Rural Road,Clear,Poor Surface,Early Morning,Car,3,120,35,Male,4,Fatigue,Low,0,0,0,Minor,70,Good,Yes,Not Applicable,No,None,High,No,Multi Vehicle
ACC062,2025-03-17,07:20,Lagos,Bridge,Federal Road,Clear,Potholes,Morning,Car,2,74,56,Male,18,Reckless Driving,High,2,0,2,Minor,29,Good,No,Not Applicable,Unknown,Roundabout,Moderate,No,Multi Vehicle
ACC063,2025-01-07,07:18,Edo,Junction,Highway,Clear,Under Construction,Morning,Car,6,85,33,Female,12,Wrongful Turning,Low,2,0,2,Serious,26,Good,No,Not Applicable,No,Traffic Light,Severe,No,Pedestrian Involvement
ACC064,2024-09-15,12:21,Abuja (FCT),Major Highway,Federal Road,Rainy,Poor Surface,Afternoon,Bus,3,64,39,Male,21,Weather Condition,High,5,0,5,Serious,24,Poor,Yes,Not Applicable,No,None,Severe,No,Multi Vehicle
ACC065,2025-08-08,15:41,Akwa Ibom,Major Highway,Highway,Clear,Poor Surface,Afternoon,Trailer,1,115,30,Male,10,Dangerous Overtaking,Low,1,0,1,Minor,17,Moderate,Yes,Not Applicable,Yes,None,High,No,Commercial Vehicle Related
ACC066,2023-07-25,13:21,Abuja (FCT),Expressway,Expressway,Cloudy,Poor Surface,Afternoon,Truck,2,134,29,Male,5,Drunk Driving,Moderate,6,3,3,Fatal,40,Moderate,Yes,Not Applicable,Yes,Road Sign,Severe,No,Commercial Vehicle Related
ACC067,2024-03-28,16:43,Plateau,Industrial Area,Highway,Clear,Dry,Afternoon,SUV,3,62,25,Male,6,Speeding,High,4,0,4,Serious,35,Good,Yes,Not Applicable,No,None,High,No,Multi Vehicle
ACC068,2024-02-02,06:20,Akwa Ibom,Junction,State Road,Clear,Poor Surface,Morning,Bus,3,49,40,Male,14,Poor Road Condition,Low,5,1,4,Serious,34,Moderate,Unknown,Not Applicable,No,Road Sign,High,No,Multi Vehicle
ACC069,2025-11-16,18:21,Anambra,Expressway,Expressway,Clear,Poor Surface,Evening,Truck,1,92,52,Male,18,Speeding,Low,6,0,6,Serious,47,Moderate,No,Not Applicable,Unknown,None,Severe,Yes,Single Vehicle
ACC070,2023-12-22,04:07,Kaduna,Junction,Federal Road,Foggy,Dry,Early Morning,Car,1,59,18,Female,1,Brake Failure,High,3,0,3,Minor,12,Poor,Yes,Not Applicable,Unknown,Traffic Light,Low,No,Single Vehicle
ACC071,2024-12-15,02:05,Lagos,Major Highway,Expressway,Hazy,Potholes,Early Morning,Motorcycle,2,121,57,Male,25,Vehicle Tyre Failure,Moderate,1,0,1,Minor,20,Moderate,Unknown,No,No,None,Severe,Yes,Multi Vehicle
ACC072,2023-02-01,19:13,Abuja (FCT),Expressway,Federal Road,Clear,Wet,Evening,Car,3,67,33,Male,3,Brake Failure,High,2,0,2,Minor,9,Good,No,Not Applicable,No,Road Sign,Moderate,No,Multi Vehicle
ACC073,2023-08-04,18:01,Edo,Expressway,Federal Road,Rainy,Wet,Evening,Tricycle,1,77,27,Female,1,Wrongful Turning,Low,3,0,3,Serious,42,Moderate,Unknown,Not Applicable,No,Road Sign,High,No,Single Vehicle
ACC074,2025-11-26,05:50,Rivers,Rural Road,State Road,Rainy,Potholes,Early Morning,Truck,1,51,45,Female,10,Poor Road Condition,Low,4,1,3,Serious,57,Good,Yes,Not Applicable,No,None,High,Yes,Commercial Vehicle Related
ACC075,2025-06-28,14:37,Lagos,Expressway,Expressway,Rainy,Wet,Afternoon,Car,3,112,43,Male,25,Weather Condition,Moderate,4,1,3,Serious,18,Moderate,No,Not Applicable,No,None,Severe,No,Multi Vehicle
ACC076,2023-05-18,19:29,Rivers,Junction,Highway,Cloudy,Wet,Evening,Car,3,62,29,Female,9,Dangerous Overtaking,Low,7,0,7,Serious,18,Good,Yes,Not Applicable,No,Police Officer,High,No,Multi Vehicle
ACC077,2024-03-05,13:25,Enugu,Major Highway,Federal Road,Rainy,Wet,Afternoon,SUV,2,109,38,Male,2,Wrongful Turning,Low,3,1,2,Serious,32,Moderate,Unknown,Not Applicable,No,None,Severe,Yes,Multi Vehicle
ACC078,2025-10-18,16:56,Benue,Market Area,Urban Road,Cloudy,Potholes,Afternoon,Tricycle,4,36,31,Male,5,Dangerous Overtaking,Moderate,2,0,2,Serious,12,Moderate,Unknown,Not Applicable,No,Police Officer,High,No,Multi Vehicle
ACC079,2023-09-05,21:12,Kaduna,Urban Road,State Road,Clear,Poor Surface,Night,Motorcycle,4,42,45,Male,21,Dangerous Overtaking,High,2,0,2,Minor,27,Good,Unknown,Yes,No,None,Moderate,No,Motorcycle Related
ACC080,2025-10-30,23:41,Kano,Residential Area,Urban Road,Clear,Under Construction,Night,Car,1,46,42,Female,14,Speeding,High,3,0,3,Fatal,27,Good,Yes,Not Applicable,Unknown,Road Sign,Severe,No,Single Vehicle
ACC081,2024-09-23,09:06,Lagos,Urban Road,Residential Road,Cloudy,Dry,Morning,Car,1,50,33,Male,7,Reckless Driving,Low,4,2,2,Fatal,19,Moderate,No,Not Applicable,No,Traffic Light,Severe,No,Single Vehicle
ACC082,2023-07-08,13:02,Nasarawa,Expressway,Federal Road,Foggy,Flooded,Afternoon,Car,3,93,60,Male,26,Weather Condition,Moderate,4,3,1,Fatal,56,Poor,No,Not Applicable,No,Road Sign,Severe,Yes,Multi Vehicle
ACC083,2025-08-17,07:13,Lagos,Rural Road,State Road,Cloudy,Wet,Morning,Tanker,2,67,30,Male,9,Mechanical Failure,Moderate,6,1,5,Fatal,36,Moderate,No,Not Applicable,No,None,Severe,No,Multi Vehicle
ACC084,2025-02-15,18:26,Edo,Roundabout,State Road,Hazy,Dry,Evening,Bus,1,25,28,Male,6,Speeding,High,12,1,11,Fatal,28,Moderate,No,Not Applicable,No,Road Sign,High,No,Commercial Vehicle Related
ACC085,2023-04-13,06:34,Lagos,Junction,Highway,Hazy,Wet,Morning,Bus,5,85,39,Male,2,Weather Condition,Moderate,5,0,5,Serious,7,Moderate,Yes,Not Applicable,Unknown,Road Sign,Severe,No,Commercial Vehicle Related
ACC086,2023-05-23,00:37,Rivers,Industrial Area,Highway,Cloudy,Potholes,Early Morning,Car,1,82,32,Male,5,Brake Failure,High,1,0,1,Minor,24,Moderate,Yes,Not Applicable,No,Road Sign,High,No,Single Vehicle
ACC087,2024-09-15,06:03,Cross River,Major Highway,Federal Road,Cloudy,Dry,Morning,Truck,1,78,31,Male,7,Vehicle Tyre Failure,High,0,0,0,Minor,34,Good,Yes,Not Applicable,No,Road Sign,High,No,Commercial Vehicle Related
ACC088,2023-02-19,21:31,Lagos,Urban Road,Residential Road,Foggy,Poor Surface,Night,Tricycle,2,29,18,Male,1,Fatigue,High,4,1,3,Fatal,20,Moderate,Unknown,Not Applicable,Yes,Speed Bump,High,Yes,Multi Vehicle
ACC089,2023-10-28,15:12,Anambra,Rural Road,Rural Road,Foggy,Dry,Afternoon,Car,2,110,30,Male,4,Weather Condition,High,6,2,4,Fatal,49,Poor,Unknown,Not Applicable,Unknown,None,Severe,Yes,Multi Vehicle
ACC090,2024-11-18,06:59,Oyo,School Area,Urban Road,Cloudy,Dry,Morning,Car,3,64,44,Female,3,Drunk Driving,Low,6,0,6,Serious,23,Moderate,Unknown,Not Applicable,Yes,Speed Bump,Severe,No,Multi Vehicle
ACC091,2025-01-06,23:34,Abia,Industrial Area,State Road,Heavy Rain,Wet,Night,Car,2,25,37,Male,16,Fatigue,High,4,0,4,Serious,32,Poor,Yes,Not Applicable,No,None,Moderate,Yes,Multi Vehicle
ACC092,2024-11-26,20:53,Lagos,Industrial Area,State Road,Clear,Dry,Night,SUV,3,45,40,Male,6,Distracted Driving,Moderate,3,0,3,Minor,22,Good,Yes,Not Applicable,No,Traffic Light,Moderate,No,Multi Vehicle
ACC093,2023-03-02,12:29,Benue,Junction,State Road,Foggy,Poor Surface,Afternoon,Motorcycle,2,34,51,Male,8,Reckless Driving,Moderate,1,0,1,Minor,37,Poor,Unknown,No,No,Traffic Light,Low,Yes,Multi Vehicle
ACC094,2023-01-24,18:26,Abia,Junction,Federal Road,Rainy,Wet,Evening,Car,1,68,29,Male,5,Speeding,High,1,0,1,Minor,40,Moderate,No,Not Applicable,No,Traffic Light,Low,Yes,Single Vehicle
ACC095,2023-02-04,08:08,Nasarawa,Major Highway,Expressway,Hazy,Dry,Morning,Truck,2,112,18,Male,1,Distracted Driving,High,1,1,0,Serious,14,Poor,Yes,Not Applicable,Unknown,Road Sign,Severe,Yes,Multi Vehicle
ACC096,2025-01-26,12:49,Niger,Industrial Area,State Road,Rainy,Dry,Afternoon,Car,1,60,20,Male,3,Distracted Driving,Moderate,0,0,0,Minor,14,Moderate,No,Not Applicable,No,Police Officer,Low,No,Single Vehicle
ACC097,2024-05-15,06:11,Kano,Major Highway,Highway,Heavy Rain,Wet,Morning,Truck,5,70,29,Male,2,Distracted Driving,High,4,0,4,Minor,14,Moderate,Yes,Not Applicable,No,Road Sign,Severe,Yes,Commercial Vehicle Related
ACC098,2024-01-19,03:41,Delta,Junction,Federal Road,Rainy,Wet,Early Morning,Motorcycle,2,67,28,Male,7,Dangerous Overtaking,Moderate,2,0,2,Serious,30,Moderate,Unknown,Yes,No,Police Officer,High,Yes,Motorcycle Related
ACC099,2024-03-01,01:28,Benue,Major Highway,Expressway,Rainy,Dry,Early Morning,Truck,2,85,22,Male,2,Distracted Driving,High,6,0,6,Serious,25,Poor,No,Not Applicable,No,Road Sign,High,Yes,Multi Vehicle
ACC100,2023-08-21,17:51,Lagos,Junction,Federal Road,Hazy,Dry,Evening,Van,3,80,42,Male,6,Weather Condition,Moderate,3,1,2,Serious,21,Poor,Yes,Not Applicable,No,Road Sign,High,No,Commercial Vehicle Related
ACC101,2025-08-11,21:40,Imo,Industrial Area,State Road,Rainy,Dry,Night,Truck,3,53,19,Male,1,Speeding,Low,4,1,3,Serious,25,Good,Yes,Not Applicable,No,Road Sign,High,Yes,Commercial Vehicle Related
ACC102,2024-04-24,14:30,Rivers,Junction,Federal Road,Rainy,Potholes,Afternoon,Truck,3,82,43,Male,14,Wrongful Turning,Moderate,3,1,2,Serious,18,Moderate,Yes,Not Applicable,No,Traffic Light,Severe,Yes,Commercial Vehicle Related
ACC103,2025-03-02,14:22,Rivers,Major Highway,Federal Road,Clear,Dry,Afternoon,Van,1,126,40,Female,15,Animal Crossing,Moderate,1,0,1,Minor,35,Good,Yes,Not Applicable,No,Roundabout,Moderate,No,Commercial Vehicle Related
ACC104,2024-06-10,20:44,Abuja (FCT),Market Area,Residential Road,Clear,Potholes,Night,Motorcycle,2,37,33,Male,7,Reckless Driving,Moderate,2,0,2,Minor,19,Moderate,Unknown,No,No,Road Sign,Low,No,Motorcycle Related
ACC105,2024-02-10,13:07,Lagos,Market Area,State Road,Heavy Rain,Wet,Afternoon,Tricycle,1,47,32,Male,4,Dangerous Overtaking,Moderate,1,0,1,Minor,42,Moderate,Unknown,Not Applicable,No,Police Officer,Low,Yes,Pedestrian Involvement
ACC106,2025-04-21,06:55,Anambra,Junction,Federal Road,Clear,Potholes,Morning,Motorcycle,1,85,36,Male,10,Dangerous Overtaking,Moderate,1,0,1,Minor,16,Good,Unknown,Yes,Unknown,Traffic Light,Moderate,No,Motorcycle Related
ACC107,2023-04-26,12:58,Abia,Major Highway,Federal Road,Rainy,Potholes,Afternoon,Tricycle,4,83,47,Female,28,Weather Condition,High,2,0,2,Minor,31,Poor,Unknown,Not Applicable,No,Traffic Light,Moderate,No,Multi Vehicle
ACC108,2025-04-23,09:08,Rivers,Junction,Federal Road,Hazy,Under Construction,Morning,Bus,4,62,44,Male,13,Mechanical Failure,Moderate,2,0,2,Minor,8,Moderate,Yes,Not Applicable,No,Traffic Light,High,No,Multi Vehicle
ACC109,2024-02-19,16:46,Anambra,Expressway,Federal Road,Clear,Poor Surface,Afternoon,Motorcycle,2,64,31,Male,12,Speeding,Moderate,1,0,1,Minor,46,Good,Unknown,Yes,No,None,Moderate,No,Motorcycle Related
ACC110,2023-08-07,14:12,Kano,Major Highway,Highway,Clear,Dry,Afternoon,Car,2,82,40,Male,16,Dangerous Overtaking,High,3,0,3,Minor,26,Good,Yes,Not Applicable,No,Road Sign,Moderate,No,Multi Vehicle
ACC111,2024-03-06,14:22,Kaduna,Rural Road,Rural Road,Clear,Dry,Afternoon,Truck,2,74,32,Male,2,Poor Road Condition,Moderate,3,0,3,Serious,66,Good,Yes,Not Applicable,Unknown,Police Officer,Severe,No,Multi Vehicle
ACC112,2025-04-22,17:32,Abuja (FCT),Expressway,Federal Road,Cloudy,Dry,Evening,Car,2,124,44,Male,10,Speeding,Low,4,1,3,Fatal,22,Moderate,Unknown,Not Applicable,No,Road Sign,Severe,No,Multi Vehicle
ACC113,2023-11-21,10:48,Kano,Bridge,State Road,Clear,Dry,Morning,Car,3,67,34,Male,3,Mechanical Failure,Moderate,0,0,0,Minor,21,Moderate,Yes,Not Applicable,No,Traffic Light,Moderate,No,Multi Vehicle
ACC114,2023-10-10,03:01,Nasarawa,Junction,Highway,Rainy,Potholes,Early Morning,Truck,2,74,40,Female,12,Distracted Driving,Moderate,1,0,1,Minor,16,Moderate,No,Not Applicable,No,Traffic Light,High,Yes,Commercial Vehicle Related
ACC115,2024-10-05,17:29,Benue,Major Highway,Highway,Clear,Dry,Evening,SUV,1,98,33,Male,12,Reckless Driving,Low,7,1,6,Fatal,35,Good,No,Not Applicable,No,Road Sign,Severe,No,Single Vehicle
ACC116,2025-04-21,04:21,Akwa Ibom,Major Highway,Expressway,Hazy,Dry,Early Morning,Tanker,3,103,34,Female,10,Weather Condition,High,7,1,6,Fatal,23,Poor,No,Not Applicable,No,Roundabout,Severe,No,Commercial Vehicle Related
ACC117,2024-08-10,08:45,Abuja (FCT),Industrial Area,Federal Road,Rainy,Under Construction,Morning,Car,3,67,47,Female,20,Reckless Driving,Moderate,1,0,1,Minor,45,Moderate,No,Not Applicable,No,Road Sign,Moderate,No,Multi Vehicle
ACC118,2025-09-19,18:25,Lagos,Residential Area,Urban Road,Clear,Poor Surface,Evening,Motorcycle,1,49,35,Male,11,Animal Crossing,High,1,0,1,Minor,22,Good,Unknown,No,No,Speed Bump,Low,No,Motorcycle Related
ACC119,2025-01-23,16:55,Ogun,School Area,Residential Road,Foggy,Poor Surface,Afternoon,SUV,2,47,51,Female,28,Vehicle Tyre Failure,Moderate,1,1,0,Minor,30,Poor,No,Not Applicable,No,None,Low,No,Multi Vehicle
ACC120,2025-05-31,06:35,Delta,Bridge,Highway,Cloudy,Wet,Morning,Bus,2,82,50,Male,12,Wrongful Turning,Moderate,2,0,2,Minor,33,Poor,Unknown,Not Applicable,Yes,None,Moderate,No,Commercial Vehicle Related
ACC121,2023-02-06,00:18,Oyo,Urban Road,State Road,Rainy,Under Construction,Early Morning,Tricycle,1,59,18,Male,1,Distracted Driving,Low,0,0,0,Minor,29,Poor,Unknown,Not Applicable,No,None,Moderate,Yes,Single Vehicle
ACC122,2025-10-22,16:29,Kaduna,Urban Road,State Road,Clear,Poor Surface,Afternoon,Motorcycle,3,41,33,Male,5,Distracted Driving,High,5,3,2,Serious,16,Good,Unknown,No,No,Road Sign,High,No,Multi Vehicle
ACC123,2023-10-02,18:07,Abuja (FCT),Urban Road,Urban Road,Cloudy,Potholes,Evening,Motorcycle,3,45,32,Male,10,Poor Road Condition,High,6,0,6,Serious,25,Good,Unknown,Yes,Unknown,Police Officer,Moderate,No,Motorcycle Related
ACC124,2025-08-11,12:30,Nasarawa,Urban Road,State Road,Clear,Potholes,Afternoon,Truck,3,39,46,Female,13,Speeding,High,8,1,7,Fatal,22,Good,No,Not Applicable,No,Speed Bump,Severe,No,Multi Vehicle
ACC125,2023-11-05,09:48,Kaduna,Expressway,Expressway,Hazy,Poor Surface,Morning,Bus,1,140,28,Male,6,Speeding,Low,7,2,5,Fatal,62,Moderate,Yes,Not Applicable,Unknown,Road Sign,Severe,Yes,Commercial Vehicle Related
ACC126,2024-02-17,06:01,Oyo,Expressway,Expressway,Clear,Poor Surface,Morning,Tricycle,3,91,26,Male,3,Dangerous Overtaking,Moderate,0,0,0,Minor,45,Good,Unknown,Not Applicable,No,Speed Bump,Moderate,No,Multi Vehicle
ACC127,2024-01-31,19:19,Kano,Residential Area,State Road,Cloudy,Poor Surface,Evening,Tricycle,2,25,32,Male,8,Brake Failure,High,0,0,0,Minor,20,Good,Unknown,Not Applicable,No,Speed Bump,Moderate,Yes,Pedestrian Involvement
ACC128,2024-01-25,13:45,Akwa Ibom,Urban Road,Urban Road,Cloudy,Dry,Afternoon,Car,2,37,38,Male,12,Weather Condition,Moderate,0,0,0,Minor,14,Good,Yes,Not Applicable,No,Traffic Light,Low,No,Pedestrian Involvement
ACC129,2025-06-25,08:08,Kano,Major Highway,Federal Road,Clear,Dry,Morning,Car,5,85,26,Male,6,Distracted Driving,Moderate,3,1,2,Fatal,45,Good,No,Not Applicable,No,Road Sign,Severe,No,Multi Vehicle
ACC130,2023-03-23,02:27,Ogun,Residential Area,State Road,Clear,Dry,Early Morning,Bus,1,35,28,Female,4,Distracted Driving,High,6,0,6,Serious,13,Good,Yes,Not Applicable,No,Police Officer,High,No,Commercial Vehicle Related
ACC131,2025-05-21,23:51,Lagos,Major Highway,Federal Road,Clear,Dry,Night,Tricycle,1,100,47,Male,14,Dangerous Overtaking,Moderate,11,1,10,Fatal,9,Good,Unknown,Not Applicable,No,Police Officer,Severe,No,Single Vehicle
ACC132,2023-12-03,04:59,Plateau,Major Highway,Expressway,Clear,Dry,Early Morning,Truck,4,80,42,Male,14,Drunk Driving,High,2,0,2,Minor,43,Good,Unknown,Not Applicable,Yes,Road Sign,Moderate,No,Commercial Vehicle Related
ACC133,2023-11-13,04:06,Edo,Major Highway,Highway,Rainy,Wet,Early Morning,SUV,1,119,27,Male,8,Drunk Driving,Moderate,0,0,0,Minor,31,Moderate,Yes,Not Applicable,Yes,Police Officer,Severe,Yes,Single Vehicle
ACC134,2024-03-16,19:12,Edo,Urban Road,Residential Road,Foggy,Dry,Evening,Motorcycle,2,40,30,Female,7,Weather Condition,Moderate,1,0,1,Minor,15,Poor,Unknown,No,Unknown,Traffic Light,Low,No,Motorcycle Related
ACC135,2024-05-11,07:14,Lagos,Major Highway,Expressway,Rainy,Wet,Morning,SUV,5,85,35,Female,9,Animal Crossing,High,3,0,3,Minor,32,Moderate,Yes,Not Applicable,No,Road Sign,High,No,Multi Vehicle
ACC136,2024-12-01,11:40,Rivers,Urban Road,State Road,Clear,Poor Surface,Morning,Car,1,59,20,Male,1,Dangerous Overtaking,High,1,0,1,Minor,28,Good,Yes,Not Applicable,Yes,None,Low,No,Single Vehicle
ACC137,2023-08-28,05:44,Benue,Urban Road,Residential Road,Cloudy,Potholes,Early Morning,Tricycle,3,41,35,Male,7,Speeding,High,5,2,3,Fatal,5,Good,Unknown,Not Applicable,Unknown,Traffic Light,Severe,No,Pedestrian Involvement
ACC138,2023-12-07,23:07,Benue,Urban Road,State Road,Hazy,Dry,Night,Car,2,51,22,Male,4,Reckless Driving,High,5,2,3,Fatal,19,Moderate,Yes,Not Applicable,No,None,Severe,No,Pedestrian Involvement
ACC139,2025-05-19,13:03,Lagos,School Area,Urban Road,Rainy,Wet,Afternoon,Car,3,48,41,Male,20,Brake Failure,High,1,0,1,Minor,23,Moderate,Yes,Not Applicable,No,Roundabout,Moderate,No,Multi Vehicle
ACC140,2023-08-01,11:06,Anambra,Rural Road,State Road,Rainy,Poor Surface,Morning,Tricycle,1,72,48,Male,17,Brake Failure,Low,5,0,5,Serious,40,Poor,Unknown,Not Applicable,No,None,Severe,Yes,Single Vehicle
ACC141,2025-04-29,08:59,Kano,Junction,Federal Road,Rainy,Wet,Morning,Bus,2,44,24,Male,6,Weather Condition,High,4,0,4,Serious,17,Moderate,No,Not Applicable,Unknown,Traffic Light,High,No,Commercial Vehicle Related
ACC142,2025-12-15,06:06,Kano,Urban Road,Residential Road,Rainy,Wet,Morning,Bus,3,42,56,Male,17,Brake Failure,High,0,0,0,Minor,35,Moderate,Yes,Not Applicable,No,Traffic Light,High,Yes,Multi Vehicle
ACC143,2023-05-26,22:50,Rivers,Roundabout,State Road,Cloudy,Potholes,Night,Bus,3,48,52,Male,25,Poor Road Condition,Moderate,2,0,2,Minor,27,Moderate,Unknown,Not Applicable,No,Roundabout,High,No,Multi Vehicle
ACC144,2023-01-29,00:37,Rivers,Market Area,State Road,Cloudy,Wet,Early Morning,Car,1,81,37,Male,18,Speeding,Low,2,0,2,Minor,19,Moderate,Yes,Not Applicable,No,Speed Bump,High,No,Pedestrian Involvement
ACC145,2024-11-04,08:37,Kano,Rural Road,Rural Road,Rainy,Wet,Morning,Car,1,59,32,Male,10,Vehicle Tyre Failure,Moderate,4,0,4,Serious,49,Moderate,No,Not Applicable,No,None,High,Yes,Single Vehicle
ACC146,2023-06-29,13:56,Ogun,Market Area,Residential Road,Cloudy,Dry,Afternoon,Car,1,41,38,Male,5,Reckless Driving,High,4,1,3,Fatal,7,Good,Yes,Not Applicable,Yes,Traffic Light,Moderate,No,Single Vehicle
ACC147,2023-01-06,20:36,Abuja (FCT),Urban Road,Residential Road,Hazy,Dry,Night,Car,3,24,49,Female,16,Weather Condition,High,1,0,1,Minor,5,Moderate,Yes,Not Applicable,No,Road Sign,Low,No,Multi Vehicle
ACC148,2023-07-10,17:35,Oyo,Industrial Area,Highway,Clear,Flooded,Evening,Motorcycle,3,83,35,Female,15,Weather Condition,High,2,0,2,Minor,16,Moderate,Unknown,Yes,No,Police Officer,High,No,Multi Vehicle
ACC149,2023-11-09,18:53,Cross River,Market Area,Urban Road,Clear,Potholes,Evening,Motorcycle,2,32,23,Male,1,Fatigue,Moderate,1,1,0,Minor,30,Moderate,Unknown,Yes,Unknown,Road Sign,Low,No,Pedestrian Involvement
ACC150,2023-06-01,19:18,Akwa Ibom,Expressway,Federal Road,Rainy,Wet,Evening,Truck,1,101,24,Male,5,Speeding,High,7,1,6,Fatal,11,Moderate,Yes,Not Applicable,No,None,Severe,Yes,Commercial Vehicle Related
ACC151,2024-08-05,02:01,Akwa Ibom,Market Area,Residential Road,Clear,Dry,Early Morning,Trailer,2,39,52,Female,18,Weather Condition,Moderate,11,1,10,Fatal,20,Moderate,Yes,Not Applicable,No,Road Sign,High,No,Multi Vehicle
ACC152,2025-10-26,08:15,Kaduna,Industrial Area,Urban Road,Cloudy,Dry,Morning,Car,4,46,23,Male,1,Brake Failure,High,2,0,2,Minor,31,Good,Yes,Not Applicable,No,Road Sign,Low,No,Multi Vehicle
ACC153,2025-09-08,18:37,Abuja (FCT),Roundabout,State Road,Clear,Potholes,Evening,Bus,1,54,54,Male,24,Distracted Driving,Low,1,0,1,Minor,26,Good,Yes,Not Applicable,No,Speed Bump,Low,No,Single Vehicle
ACC154,2023-05-23,23:21,Lagos,Major Highway,Expressway,Clear,Under Construction,Night,Trailer,1,115,43,Male,16,Poor Road Condition,Moderate,2,0,2,Minor,31,Moderate,Yes,Not Applicable,No,Police Officer,High,No,Commercial Vehicle Related
ACC155,2024-05-29,08:57,Lagos,Major Highway,Highway,Rainy,Wet,Morning,Truck,2,65,38,Male,8,Speeding,High,0,0,0,Minor,12,Poor,No,Not Applicable,No,Roundabout,Low,No,Multi Vehicle
ACC156,2023-06-03,03:17,Delta,Junction,State Road,Clear,Dry,Early Morning,Car,2,53,52,Male,17,Fatigue,Moderate,2,0,2,Minor,22,Good,No,Not Applicable,No,None,Low,No,Pedestrian Involvement
ACC157,2023-06-08,14:59,Abia,Major Highway,Federal Road,Heavy Rain,Flooded,Afternoon,Motorcycle,1,67,31,Female,12,Mechanical Failure,Moderate,1,0,1,Minor,14,Moderate,Unknown,Yes,No,None,Moderate,No,Motorcycle Related
ACC158,2024-01-11,11:41,Niger,Market Area,State Road,Cloudy,Dry,Morning,Motorcycle,2,25,55,Female,22,Animal Crossing,High,4,0,4,Minor,23,Moderate,Unknown,Yes,No,None,Low,No,Pedestrian Involvement
ACC159,2024-12-01,00:59,Plateau,Residential Area,Residential Road,Hazy,Potholes,Early Morning,Car,3,40,29,Male,6,Fatigue,High,2,2,0,Serious,14,Moderate,Yes,Not Applicable,No,Speed Bump,Moderate,Yes,Multi Vehicle
ACC160,2023-08-14,06:32,Kano,Roundabout,State Road,Foggy,Dry,Morning,Motorcycle,2,47,41,Female,12,Distracted Driving,High,5,3,2,Fatal,5,Moderate,Unknown,Yes,Unknown,Roundabout,Severe,Yes,Motorcycle Related
ACC161,2025-03-05,01:24,Kano,Rural Road,State Road,Clear,Dry,Early Morning,Motorcycle,5,63,30,Male,11,Fatigue,High,2,0,2,Minor,70,Good,Unknown,No,No,Road Sign,High,No,Motorcycle Related
ACC162,2025-12-15,19:24,Akwa Ibom,Junction,State Road,Clear,Dry,Evening,SUV,6,69,24,Male,5,Fatigue,Moderate,4,1,3,Fatal,26,Good,No,Not Applicable,No,Police Officer,Severe,No,Pedestrian Involvement
ACC163,2023-12-08,11:34,Abuja (FCT),Market Area,State Road,Heavy Rain,Flooded,Morning,Car,2,33,42,Male,8,Weather Condition,High,0,0,0,Minor,32,Moderate,No,Not Applicable,Unknown,None,Low,Yes,Multi Vehicle
ACC164,2025-10-04,11:46,Cross River,Market Area,Residential Road,Clear,Potholes,Morning,Car,4,36,54,Female,16,Distracted Driving,High,2,0,2,Minor,20,Good,No,Not Applicable,No,Speed Bump,Low,No,Multi Vehicle
ACC165,2023-02-09,12:29,Benue,Rural Road,State Road,Rainy,Flooded,Afternoon,Motorcycle,1,64,18,Female,1,Reckless Driving,Low,4,0,4,Serious,44,Good,Unknown,No,Yes,None,High,Yes,Motorcycle Related
ACC166,2024-03-28,18:13,Kano,Major Highway,Highway,Clear,Poor Surface,Evening,Van,3,75,36,Male,6,Reckless Driving,Moderate,6,0,6,Serious,9,Good,Yes,Not Applicable,No,Road Sign,Severe,No,Multi Vehicle
ACC167,2025-02-07,06:48,Kano,Bridge,Expressway,Clear,Flooded,Morning,Car,2,90,59,Male,30,Brake Failure,Moderate,2,0,2,Serious,51,Good,Unknown,Not Applicable,No,None,High,No,Multi Vehicle
ACC168,2023-11-17,19:21,Edo,Junction,Federal Road,Rainy,Poor Surface,Evening,Car,1,48,32,Male,5,Reckless Driving,High,3,2,1,Serious,23,Poor,No,Not Applicable,No,Traffic Light,Moderate,Yes,Pedestrian Involvement
ACC169,2024-06-08,09:30,Edo,Bridge,Federal Road,Clear,Poor Surface,Morning,Car,3,92,34,Female,5,Speeding,Low,5,1,4,Serious,21,Moderate,Unknown,Not Applicable,No,None,High,No,Multi Vehicle
ACC170,2025-08-07,16:40,Niger,Junction,Federal Road,Rainy,Flooded,Afternoon,Bus,5,85,55,Male,12,Weather Condition,Low,3,0,3,Minor,20,Moderate,No,Not Applicable,No,Police Officer,Severe,Yes,Multi Vehicle
ACC171,2024-03-08,14:14,Kano,Expressway,Federal Road,Cloudy,Under Construction,Afternoon,Bus,3,84,60,Male,10,Distracted Driving,Moderate,7,0,7,Fatal,53,Moderate,Unknown,Not Applicable,No,Road Sign,Severe,No,Multi Vehicle
ACC172,2025-12-06,22:03,Abuja (FCT),Expressway,Expressway,Cloudy,Dry,Night,Tricycle,1,105,26,Female,5,Speeding,Moderate,6,3,3,Serious,13,Moderate,Unknown,Not Applicable,No,Traffic Light,Severe,No,Single Vehicle
ACC173,2023-08-18,11:56,Enugu,Industrial Area,Urban Road,Clear,Dry,Morning,Car,4,58,35,Male,11,Fatigue,Moderate,2,0,2,Minor,27,Good,No,Not Applicable,No,Speed Bump,High,No,Multi Vehicle
ACC174,2024-07-09,17:52,Lagos,Bridge,Expressway,Clear,Dry,Evening,Motorcycle,2,91,63,Male,17,Speeding,Moderate,8,1,7,Fatal,36,Good,Unknown,No,Yes,Road Sign,Severe,No,Multi Vehicle
ACC175,2025-11-01,13:49,Oyo,Roundabout,State Road,Cloudy,Dry,Afternoon,Car,3,47,24,Male,3,Wrongful Turning,Moderate,0,0,0,Minor,29,Good,Yes,Not Applicable,Unknown,Roundabout,Low,Yes,Multi Vehicle
ACC176,2023-08-09,15:22,Cross River,Urban Road,State Road,Heavy Rain,Potholes,Afternoon,Truck,1,42,46,Male,27,Vehicle Tyre Failure,Moderate,2,0,2,Minor,16,Poor,Yes,Not Applicable,No,Roundabout,Moderate,Yes,Commercial Vehicle Related
ACC177,2025-06-06,04:29,Kaduna,Major Highway,Federal Road,Clear,Dry,Early Morning,Motorcycle,4,99,42,Female,11,Mechanical Failure,High,1,0,1,Minor,29,Poor,Unknown,Yes,No,None,High,No,Multi Vehicle
ACC178,2025-07-29,03:34,Lagos,Junction,Urban Road,Cloudy,Under Construction,Early Morning,Motorcycle,2,32,30,Male,2,Mechanical Failure,High,4,0,4,Minor,14,Moderate,Unknown,Yes,No,Police Officer,High,No,Motorcycle Related
ACC179,2024-01-08,04:07,Cross River,Market Area,State Road,Heavy Rain,Wet,Early Morning,Car,3,39,25,Male,1,Distracted Driving,Low,1,0,1,Minor,17,Moderate,No,Not Applicable,No,None,Low,Yes,Multi Vehicle
ACC180,2025-04-09,00:53,Ogun,School Area,State Road,Hazy,Dry,Early Morning,Tricycle,2,63,33,Female,11,Poor Road Condition,High,4,1,3,Serious,12,Moderate,Unknown,Not Applicable,No,Road Sign,High,No,Pedestrian Involvement
ACC181,2023-01-19,23:44,Lagos,Expressway,Federal Road,Clear,Poor Surface,Night,Motorcycle,3,120,38,Male,16,Speeding,Moderate,8,0,8,Serious,42,Moderate,Unknown,No,No,None,Severe,No,Motorcycle Related
ACC182,2025-01-30,10:25,Kwara,Expressway,Federal Road,Heavy Rain,Wet,Morning,Bus,4,101,39,Female,12,Speeding,Moderate,10,3,7,Fatal,18,Moderate,Yes,Not Applicable,No,None,Severe,Yes,Commercial Vehicle Related
ACC183,2025-01-17,21:04,Nasarawa,Urban Road,State Road,Rainy,Poor Surface,Night,Motorcycle,4,80,31,Female,7,Wrongful Turning,Moderate,1,0,1,Minor,27,Good,Unknown,No,No,Roundabout,High,No,Multi Vehicle
ACC184,2024-01-16,20:27,Ogun,Industrial Area,State Road,Rainy,Dry,Night,Van,1,33,50,Male,8,Drunk Driving,Moderate,1,0,1,Minor,11,Moderate,Yes,Not Applicable,Yes,Road Sign,Low,Yes,Single Vehicle
ACC185,2023-06-29,22:12,Abia,Residential Area,Residential Road,Cloudy,Dry,Night,Truck,1,39,32,Male,10,Dangerous Overtaking,Moderate,4,0,4,Serious,5,Moderate,No,Not Applicable,No,Road Sign,High,No,Commercial Vehicle Related
ACC186,2025-11-08,16:31,Rivers,Expressway,Federal Road,Clear,Dry,Afternoon,Bus,3,120,53,Male,25,Wrongful Turning,Low,3,0,3,Minor,31,Good,Unknown,Not Applicable,No,Road Sign,Severe,No,Multi Vehicle
ACC187,2025-10-31,09:22,Lagos,Expressway,Expressway,Rainy,Under Construction,Morning,Motorcycle,2,114,18,Female,1,Speeding,High,4,0,4,Fatal,32,Moderate,Unknown,Yes,No,Road Sign,Severe,Yes,Motorcycle Related
ACC188,2025-08-05,16:37,Abuja (FCT),Market Area,State Road,Heavy Rain,Wet,Afternoon,Tricycle,4,50,19,Female,1,Dangerous Overtaking,Moderate,3,0,3,Serious,29,Poor,Unknown,Not Applicable,No,Speed Bump,High,Yes,Multi Vehicle
ACC189,2024-07-22,15:39,Kano,Major Highway,Expressway,Hazy,Flooded,Afternoon,Truck,2,86,37,Male,11,Poor Road Condition,Moderate,5,1,4,Serious,34,Poor,Yes,Not Applicable,No,None,Severe,Yes,Multi Vehicle
ACC190,2024-11-03,00:28,Imo,Major Highway,Highway,Rainy,Wet,Early Morning,Bus,2,95,34,Female,10,Fatigue,Moderate,4,0,4,Serious,37,Moderate,Yes,Not Applicable,No,Road Sign,Severe,No,Commercial Vehicle Related
ACC191,2024-12-12,22:08,Plateau,Expressway,Federal Road,Clear,Dry,Night,Motorcycle,1,107,21,Male,2,Vehicle Tyre Failure,Low,2,0,2,Minor,31,Good,Unknown,Yes,No,Police Officer,Moderate,No,Single Vehicle
ACC192,2025-08-13,10:38,Kano,Urban Road,Residential Road,Clear,Dry,Morning,Car,1,34,33,Female,12,Drunk Driving,Moderate,5,0,5,Serious,5,Good,Yes,Not Applicable,Yes,None,Moderate,Yes,Single Vehicle
ACC193,2025-12-30,19:58,Kaduna,Market Area,State Road,Clear,Flooded,Evening,Tricycle,1,59,46,Female,22,Reckless Driving,Low,4,3,1,Fatal,27,Good,Unknown,Not Applicable,No,Speed Bump,Severe,No,Single Vehicle
ACC194,2024-06-15,23:14,Lagos,Expressway,Federal Road,Clear,Potholes,Night,Car,2,114,42,Male,12,Poor Road Condition,Moderate,3,0,3,Serious,20,Good,Yes,Not Applicable,No,None,Severe,No,Multi Vehicle
ACC195,2024-01-18,11:57,Lagos,Urban Road,Urban Road,Rainy,Wet,Morning,Tricycle,4,42,36,Male,16,Fatigue,Moderate,3,0,3,Minor,17,Moderate,Unknown,Not Applicable,No,Road Sign,Low,No,Multi Vehicle
ACC196,2025-01-28,08:52,Lagos,Major Highway,Federal Road,Rainy,Wet,Morning,Van,2,89,34,Male,11,Weather Condition,High,4,3,1,Fatal,36,Poor,Yes,Not Applicable,No,Police Officer,Severe,Yes,Multi Vehicle
ACC197,2025-11-03,18:06,Anambra,Market Area,State Road,Heavy Rain,Wet,Evening,Motorcycle,3,25,40,Male,18,Vehicle Tyre Failure,High,5,0,5,Serious,16,Poor,Unknown,Yes,No,Police Officer,Moderate,Yes,Motorcycle Related
ACC198,2023-10-08,13:18,Cross River,Major Highway,Expressway,Clear,Under Construction,Afternoon,Bus,3,92,37,Male,7,Vehicle Tyre Failure,High,1,0,1,Minor,43,Good,Unknown,Not Applicable,No,Road Sign,High,No,Multi Vehicle
ACC199,2023-02-16,23:24,Abia,Junction,Highway,Hazy,Wet,Night,Tanker,1,85,38,Female,15,Poor Road Condition,Moderate,4,0,4,Serious,10,Moderate,Unknown,Not Applicable,No,Police Officer,Severe,No,Commercial Vehicle Related
ACC200,2024-03-18,05:15,Rivers,Industrial Area,Urban Road,Heavy Rain,Wet,Early Morning,Car,2,61,45,Male,14,Wrongful Turning,Low,2,0,2,Minor,15,Moderate,Yes,Not Applicable,No,Traffic Light,Low,Yes,Multi Vehicle
ACC201,2025-10-22,06:56,Anambra,Rural Road,Rural Road,Rainy,Potholes,Morning,SUV,2,49,37,Female,10,Poor Road Condition,Low,5,0,5,Serious,33,Poor,No,Not Applicable,No,None,High,Yes,Multi Vehicle
ACC202,2023-08-04,09:02,Enugu,Urban Road,Residential Road,Foggy,Dry,Morning,Motorcycle,4,20,40,Female,23,Reckless Driving,High,5,0,5,Serious,31,Poor,Unknown,Yes,No,Road Sign,Moderate,Yes,Motorcycle Related
ACC203,2025-12-02,09:27,Rivers,Residential Area,Residential Road,Clear,Dry,Morning,Van,2,43,37,Female,7,Drunk Driving,High,3,0,3,Serious,18,Moderate,Yes,Not Applicable,Yes,None,Low,No,Multi Vehicle
ACC204,2024-04-12,18:58,Kano,Roundabout,Highway,Clear,Potholes,Evening,Tanker,5,40,25,Male,7,Poor Road Condition,High,4,0,4,Minor,23,Good,Yes,Not Applicable,No,Roundabout,High,No,Commercial Vehicle Related
ACC205,2025-02-18,11:21,Rivers,School Area,Urban Road,Clear,Dry,Morning,Motorcycle,3,25,33,Female,15,Distracted Driving,High,4,2,2,Serious,25,Moderate,Unknown,Yes,Unknown,Speed Bump,Moderate,No,Motorcycle Related
ACC206,2023-06-12,23:30,Oyo,Major Highway,Federal Road,Clear,Dry,Night,Car,3,113,38,Male,11,Weather Condition,Moderate,6,0,6,Serious,9,Good,Yes,Not Applicable,No,Road Sign,High,No,Multi Vehicle
ACC207,2023-04-28,02:13,Rivers,Urban Road,Urban Road,Clear,Poor Surface,Early Morning,Motorcycle,3,36,47,Male,26,Speeding,High,8,1,7,Serious,21,Good,Unknown,No,Yes,Traffic Light,Moderate,No,Pedestrian Involvement
ACC208,2023-12-26,18:13,Lagos,Expressway,Federal Road,Clear,Potholes,Evening,Truck,2,116,31,Female,1,Poor Road Condition,High,10,3,7,Fatal,36,Good,Yes,Not Applicable,Yes,None,Severe,No,Commercial Vehicle Related
ACC209,2023-05-18,04:18,Benue,Urban Road,Residential Road,Clear,Under Construction,Early Morning,Tricycle,2,50,27,Female,6,Brake Failure,Moderate,2,0,2,Minor,26,Good,Unknown,Not Applicable,No,Road Sign,Low,No,Pedestrian Involvement
ACC210,2024-04-14,23:06,Abia,School Area,Urban Road,Cloudy,Dry,Night,Bus,2,40,42,Male,5,Weather Condition,High,1,0,1,Minor,22,Poor,Unknown,Not Applicable,No,Speed Bump,Low,No,Multi Vehicle
ACC211,2024-05-25,22:10,Benue,Urban Road,Residential Road,Heavy Rain,Flooded,Night,SUV,4,32,18,Male,1,Fatigue,High,6,0,6,Serious,23,Moderate,No,Not Applicable,No,Traffic Light,High,Yes,Multi Vehicle
ACC212,2024-05-01,10:34,Ogun,Major Highway,Highway,Clear,Dry,Morning,Trailer,1,88,20,Male,2,Dangerous Overtaking,High,7,1,6,Serious,31,Moderate,Yes,Not Applicable,No,None,Severe,No,Commercial Vehicle Related
ACC213,2025-09-28,16:49,Akwa Ibom,School Area,State Road,Clear,Dry,Afternoon,Car,1,31,31,Male,4,Reckless Driving,Moderate,3,1,2,Minor,23,Poor,Yes,Not Applicable,No,None,Low,No,Single Vehicle
ACC214,2023-10-28,22:50,Niger,Industrial Area,Highway,Cloudy,Dry,Night,Car,2,89,18,Male,1,Distracted Driving,High,1,0,1,Minor,33,Moderate,No,Not Applicable,Unknown,Traffic Light,High,No,Multi Vehicle
ACC215,2024-02-07,00:16,Edo,Urban Road,Urban Road,Clear,Dry,Early Morning,Motorcycle,3,50,44,Male,9,Speeding,Moderate,9,3,6,Fatal,20,Good,Unknown,Yes,No,Police Officer,High,No,Motorcycle Related
ACC216,2025-07-13,08:58,Kano,Major Highway,Highway,Hazy,Dry,Morning,Truck,1,107,23,Female,6,Wrongful Turning,Low,5,2,3,Serious,20,Moderate,No,Not Applicable,No,None,Severe,Yes,Single Vehicle
ACC217,2023-08-14,23:01,Cross River,Roundabout,State Road,Hazy,Dry,Night,Car,1,34,28,Female,8,Mechanical Failure,Moderate,2,0,2,Minor,8,Moderate,Yes,Not Applicable,No,Roundabout,Low,Yes,Single Vehicle
ACC218,2024-02-24,21:03,Lagos,Major Highway,Highway,Clear,Potholes,Night,SUV,2,125,43,Male,6,Distracted Driving,Moderate,5,1,4,Fatal,13,Good,Yes,Not Applicable,No,None,Severe,No,Multi Vehicle
ACC219,2024-08-04,16:02,Abuja (FCT),Expressway,Federal Road,Hazy,Dry,Afternoon,Car,3,63,55,Male,26,Reckless Driving,High,6,0,6,Serious,26,Moderate,Yes,Not Applicable,No,Road Sign,High,Yes,Multi Vehicle
ACC220,2024-02-16,23:42,Ogun,Junction,Urban Road,Clear,Poor Surface,Night,Truck,3,32,35,Male,12,Reckless Driving,Moderate,5,1,4,Serious,19,Moderate,Yes,Not Applicable,No,Road Sign,Moderate,No,Multi Vehicle
ACC221,2025-01-11,00:42,Edo,Expressway,Expressway,Cloudy,Under Construction,Early Morning,Van,2,60,45,Male,15,Distracted Driving,Moderate,1,0,1,Minor,50,Moderate,Unknown,Not Applicable,No,Speed Bump,Low,No,Commercial Vehicle Related
ACC222,2024-08-28,18:01,Rivers,Rural Road,State Road,Rainy,Wet,Evening,Motorcycle,3,79,31,Male,4,Speeding,Low,2,0,2,Serious,29,Good,Unknown,No,No,None,Severe,Yes,Multi Vehicle
ACC223,2023-10-19,18:07,Benue,Major Highway,Federal Road,Heavy Rain,Flooded,Evening,Car,4,40,32,Male,2,Wrongful Turning,High,2,2,0,Serious,18,Poor,Yes,Not Applicable,No,Police Officer,High,Yes,Multi Vehicle
ACC224,2023-05-11,23:32,Kano,Market Area,Urban Road,Heavy Rain,Flooded,Night,Car,2,25,36,Female,8,Fatigue,Moderate,3,1,2,Serious,33,Good,Yes,Not Applicable,No,None,Moderate,Yes,Multi Vehicle
ACC225,2023-10-20,12:06,Nasarawa,Major Highway,Highway,Hazy,Wet,Afternoon,Car,2,77,28,Male,2,Weather Condition,High,6,1,5,Serious,25,Poor,Unknown,Not Applicable,Unknown,None,High,No,Multi Vehicle
ACC226,2025-06-04,06:19,Anambra,Market Area,Urban Road,Rainy,Wet,Morning,Car,4,26,37,Male,12,Weather Condition,Moderate,3,0,3,Minor,5,Moderate,No,Not Applicable,No,Traffic Light,Moderate,No,Multi Vehicle
ACC227,2024-09-29,07:44,Kano,Roundabout,State Road,Cloudy,Dry,Morning,Motorcycle,3,43,38,Male,14,Wrongful Turning,High,4,1,3,Fatal,20,Good,Unknown,Yes,No,None,Severe,No,Motorcycle Related
ACC228,2023-12-18,11:01,Cross River,Major Highway,Federal Road,Clear,Dry,Morning,SUV,3,57,38,Female,18,Speeding,Moderate,1,0,1,Serious,18,Good,Yes,Not Applicable,No,Road Sign,High,No,Multi Vehicle
ACC229,2024-01-31,06:17,Rivers,Market Area,Urban Road,Clear,Potholes,Morning,Truck,3,54,27,Male,6,Poor Road Condition,High,4,0,4,Serious,20,Good,No,Not Applicable,No,Roundabout,Severe,No,Multi Vehicle
ACC230,2025-07-26,19:49,Abuja (FCT),Major Highway,Federal Road,Clear,Dry,Evening,Van,2,85,18,Male,1,Reckless Driving,High,3,0,3,Serious,32,Good,Yes,Not Applicable,No,Road Sign,Severe,No,Multi Vehicle
ACC231,2023-04-24,19:28,Niger,Roundabout,State Road,Clear,Poor Surface,Evening,Trailer,2,25,25,Male,2,Poor Road Condition,High,3,2,1,Serious,14,Good,Yes,Not Applicable,No,None,High,No,Commercial Vehicle Related
ACC232,2024-04-18,06:58,Kwara,Market Area,Residential Road,Heavy Rain,Wet,Morning,Car,1,32,39,Male,14,Speeding,Moderate,2,0,2,Minor,10,Good,Unknown,Not Applicable,No,None,Low,Yes,Pedestrian Involvement
ACC233,2023-07-08,15:19,Plateau,Urban Road,Residential Road,Clear,Dry,Afternoon,Tricycle,4,27,29,Male,8,Distracted Driving,High,3,0,3,Minor,6,Good,Unknown,Not Applicable,No,Road Sign,Moderate,No,Multi Vehicle
ACC234,2024-10-24,13:13,Abuja (FCT),Expressway,Expressway,Hazy,Dry,Afternoon,SUV,5,115,23,Male,2,Reckless Driving,High,3,0,3,Minor,38,Moderate,Yes,Not Applicable,No,None,Severe,Yes,Multi Vehicle
ACC235,2023-05-25,06:32,Kano,Roundabout,State Road,Cloudy,Potholes,Morning,Motorcycle,5,76,64,Male,19,Drunk Driving,Low,5,1,4,Fatal,11,Poor,Unknown,No,Yes,None,Severe,No,Motorcycle Related
ACC236,2024-05-20,22:25,Kaduna,Roundabout,State Road,Foggy,Poor Surface,Night,Car,2,36,42,Male,13,Fatigue,High,3,0,3,Minor,24,Poor,Yes,Not Applicable,No,Road Sign,Low,No,Multi Vehicle
ACC237,2025-06-20,23:30,Edo,School Area,State Road,Clear,Dry,Night,Motorcycle,2,61,47,Male,19,Drunk Driving,Moderate,1,0,1,Minor,33,Good,Unknown,No,Yes,Road Sign,Low,No,Motorcycle Related
ACC238,2024-11-24,22:03,Ogun,Rural Road,State Road,Clear,Dry,Night,Car,3,89,28,Female,9,Dangerous Overtaking,Low,2,0,2,Minor,49,Moderate,No,Not Applicable,No,Speed Bump,Moderate,No,Multi Vehicle
ACC239,2025-05-17,01:52,Abuja (FCT),Major Highway,Federal Road,Clear,Wet,Early Morning,Truck,1,92,37,Male,16,Fatigue,Moderate,4,0,4,Fatal,24,Good,Yes,Not Applicable,Yes,Roundabout,Severe,No,Commercial Vehicle Related
ACC240,2025-11-14,16:40,Niger,Residential Area,Residential Road,Clear,Dry,Afternoon,Motorcycle,4,37,40,Male,13,Speeding,High,5,0,5,Serious,5,Good,Unknown,No,No,Speed Bump,Severe,No,Motorcycle Related
ACC241,2023-10-15,02:53,Rivers,Expressway,Federal Road,Clear,Dry,Early Morning,SUV,3,77,43,Male,20,Drunk Driving,Moderate,3,0,3,Serious,20,Good,Yes,Not Applicable,Yes,None,Severe,No,Multi Vehicle
ACC242,2024-07-24,23:15,Lagos,Urban Road,State Road,Rainy,Wet,Night,Car,2,60,25,Male,4,Weather Condition,High,5,2,3,Fatal,32,Moderate,Yes,Not Applicable,Yes,None,Severe,No,Pedestrian Involvement
ACC243,2023-01-02,11:39,Abia,Industrial Area,State Road,Hazy,Wet,Morning,Tricycle,3,96,25,Male,4,Weather Condition,High,5,0,5,Serious,37,Moderate,Unknown,Not Applicable,Unknown,None,Severe,Yes,Multi Vehicle
ACC244,2024-02-16,07:27,Kaduna,Residential Area,Urban Road,Clear,Flooded,Morning,Motorcycle,3,50,60,Male,35,Speeding,Low,8,1,7,Fatal,18,Good,Unknown,No,No,None,Severe,No,Motorcycle Related
ACC245,2023-11-08,09:30,Kano,Industrial Area,Highway,Clear,Potholes,Morning,Car,4,106,43,Female,22,Mechanical Failure,High,10,3,7,Fatal,24,Good,Yes,Not Applicable,No,Traffic Light,Severe,No,Multi Vehicle
ACC246,2023-03-31,04:54,Rivers,Residential Area,State Road,Clear,Dry,Early Morning,Tricycle,1,25,31,Male,3,Speeding,Moderate,3,0,3,Minor,21,Good,Unknown,Not Applicable,No,Road Sign,Low,No,Pedestrian Involvement
ACC247,2024-09-05,03:24,Lagos,Residential Area,State Road,Rainy,Potholes,Early Morning,Bus,5,63,32,Female,5,Distracted Driving,High,3,1,2,Serious,25,Moderate,Yes,Not Applicable,No,Speed Bump,Severe,Yes,Commercial Vehicle Related
ACC248,2023-06-14,08:39,Abuja (FCT),Urban Road,Urban Road,Heavy Rain,Dry,Morning,Motorcycle,4,39,37,Male,7,Poor Road Condition,High,4,4,0,Fatal,18,Poor,Unknown,Yes,No,Traffic Light,Severe,Yes,Pedestrian Involvement
ACC249,2023-05-27,14:35,Ogun,Major Highway,Federal Road,Clear,Dry,Afternoon,Motorcycle,1,109,46,Male,10,Vehicle Tyre Failure,Moderate,1,0,1,Minor,13,Moderate,Unknown,Yes,Unknown,Traffic Light,Moderate,No,Motorcycle Related
ACC250,2025-07-22,20:42,Edo,Junction,Federal Road,Cloudy,Dry,Night,Car,2,56,40,Male,6,Mechanical Failure,Low,1,0,1,Minor,11,Good,Yes,Not Applicable,No,Traffic Light,Low,No,Multi Vehicle
ACC251,2025-04-25,15:03,Lagos,Expressway,Expressway,Clear,Dry,Afternoon,Tricycle,4,104,48,Female,3,Distracted Driving,Low,10,3,7,Fatal,34,Good,Unknown,Not Applicable,Unknown,None,Severe,No,Multi Vehicle
ACC252,2025-08-21,21:21,Ogun,Major Highway,Highway,Hazy,Potholes,Night,Truck,4,80,46,Male,3,Poor Road Condition,High,7,0,7,Serious,43,Poor,No,Not Applicable,No,Road Sign,Severe,Yes,Commercial Vehicle Related
ACC253,2025-01-06,20:50,Lagos,Expressway,Federal Road,Rainy,Wet,Night,Van,3,92,24,Male,2,Fatigue,Low,8,0,8,Serious,32,Poor,Yes,Not Applicable,No,None,Severe,Yes,Commercial Vehicle Related
ACC254,2025-01-20,18:43,Kwara,Roundabout,State Road,Clear,Potholes,Evening,Car,2,46,27,Male,6,Wrongful Turning,High,3,1,2,Serious,13,Poor,No,Not Applicable,No,Speed Bump,High,No,Multi Vehicle
ACC255,2023-12-15,21:06,Enugu,Residential Area,Urban Road,Heavy Rain,Dry,Night,Car,4,51,40,Male,20,Distracted Driving,Low,10,1,9,Fatal,32,Moderate,No,Not Applicable,Yes,Road Sign,High,Yes,Multi Vehicle
ACC256,2023-05-23,03:40,Lagos,Junction,Urban Road,Clear,Dry,Early Morning,Motorcycle,1,28,48,Female,17,Brake Failure,High,0,0,0,Minor,33,Good,Unknown,No,No,Police Officer,Low,No,Motorcycle Related
ACC257,2023-01-03,07:45,Enugu,Junction,Highway,Clear,Potholes,Morning,Car,2,40,32,Male,13,Speeding,High,1,0,1,Minor,27,Good,No,Not Applicable,No,Road Sign,Low,No,Pedestrian Involvement
ACC258,2023-04-07,09:32,Lagos,Expressway,Expressway,Cloudy,Dry,Morning,Bus,1,103,39,Female,8,Dangerous Overtaking,Low,6,1,5,Serious,21,Moderate,Yes,Not Applicable,No,None,Severe,No,Single Vehicle
ACC259,2023-03-13,21:43,Rivers,Urban Road,State Road,Clear,Poor Surface,Night,Car,2,43,28,Female,4,Poor Road Condition,Moderate,1,0,1,Minor,34,Good,Yes,Not Applicable,No,Road Sign,Low,No,Multi Vehicle
ACC260,2023-11-10,13:44,Niger,Market Area,Residential Road,Clear,Under Construction,Afternoon,Bus,2,29,26,Male,7,Poor Road Condition,High,4,0,4,Minor,34,Good,No,Not Applicable,Unknown,None,Low,No,Commercial Vehicle Related
ACC261,2025-12-26,10:06,Abia,Junction,Urban Road,Rainy,Wet,Morning,Van,3,31,36,Male,8,Weather Condition,Moderate,0,0,0,Minor,25,Good,Yes,Not Applicable,Unknown,Traffic Light,Low,Yes,Commercial Vehicle Related
ACC262,2024-01-29,17:10,Abuja (FCT),Rural Road,Rural Road,Clear,Potholes,Evening,Motorcycle,2,87,42,Female,5,Mechanical Failure,High,3,0,3,Serious,48,Good,Unknown,Yes,Unknown,None,Severe,No,Motorcycle Related
ACC263,2025-10-17,08:51,Abia,Industrial Area,Federal Road,Rainy,Poor Surface,Morning,Truck,3,73,44,Male,23,Speeding,High,3,1,2,Fatal,37,Poor,Yes,Not Applicable,No,Roundabout,Severe,Yes,Commercial Vehicle Related
ACC264,2023-07-18,06:47,Cross River,Junction,Federal Road,Clear,Dry,Morning,Truck,2,85,38,Female,10,Drunk Driving,High,3,0,3,Serious,19,Good,Unknown,Not Applicable,Yes,Traffic Light,Severe,No,Multi Vehicle
ACC265,2024-01-02,03:38,Enugu,Roundabout,Urban Road,Rainy,Wet,Early Morning,Car,3,30,48,Male,28,Wrongful Turning,High,1,0,1,Minor,15,Poor,No,Not Applicable,No,Roundabout,Low,Yes,Multi Vehicle
ACC266,2023-06-28,07:14,Akwa Ibom,Junction,Highway,Clear,Under Construction,Morning,Tanker,5,54,18,Male,1,Poor Road Condition,High,7,0,7,Fatal,22,Moderate,Unknown,Not Applicable,No,Roundabout,Severe,No,Multi Vehicle
ACC267,2024-11-03,16:29,Abuja (FCT),School Area,State Road,Clear,Potholes,Afternoon,Motorcycle,1,53,25,Female,5,Speeding,Moderate,2,0,2,Minor,12,Good,Unknown,Yes,No,None,Low,No,Motorcycle Related
ACC268,2025-03-23,06:32,Benue,Expressway,Expressway,Cloudy,Dry,Morning,Car,2,102,31,Male,11,Wrongful Turning,High,1,0,1,Minor,8,Good,No,Not Applicable,Unknown,None,High,Yes,Multi Vehicle
ACC269,2024-07-04,23:01,Lagos,Industrial Area,Urban Road,Clear,Dry,Night,Tanker,3,60,45,Female,25,Fatigue,Moderate,7,1,6,Fatal,25,Good,No,Not Applicable,No,Road Sign,Severe,No,Multi Vehicle
ACC270,2023-02-27,08:33,Oyo,Urban Road,Residential Road,Clear,Poor Surface,Morning,Motorcycle,1,50,18,Female,1,Animal Crossing,Low,1,0,1,Minor,23,Good,Unknown,No,No,Traffic Light,Low,No,Motorcycle Related
ACC271,2025-04-07,23:24,Kaduna,Urban Road,State Road,Foggy,Dry,Night,SUV,3,45,28,Male,7,Distracted Driving,High,4,0,4,Serious,17,Poor,Yes,Not Applicable,Yes,Traffic Light,High,Yes,Multi Vehicle
ACC272,2025-10-13,02:28,Abia,Roundabout,State Road,Hazy,Dry,Early Morning,Motorcycle,3,26,18,Male,1,Poor Road Condition,High,2,0,2,Minor,18,Moderate,Unknown,Yes,No,Roundabout,Moderate,Yes,Multi Vehicle
ACC273,2025-09-21,19:14,Kano,Market Area,Urban Road,Cloudy,Dry,Evening,Car,2,62,36,Male,6,Reckless Driving,Low,1,0,1,Minor,12,Poor,No,Not Applicable,No,Traffic Light,Low,No,Pedestrian Involvement
ACC274,2025-02-14,16:45,Abuja (FCT),Residential Area,State Road,Heavy Rain,Potholes,Afternoon,Car,1,26,43,Male,10,Animal Crossing,Low,6,1,5,Serious,22,Poor,Yes,Not Applicable,No,Traffic Light,Low,Yes,Single Vehicle
ACC275,2024-11-20,07:00,Lagos,Rural Road,State Road,Rainy,Poor Surface,Morning,Tricycle,4,66,47,Male,18,Reckless Driving,Low,5,0,5,Serious,47,Poor,Unknown,Not Applicable,No,None,Severe,No,Multi Vehicle
ACC276,2023-05-02,05:28,Oyo,Rural Road,State Road,Rainy,Under Construction,Early Morning,Motorcycle,2,62,41,Male,11,Wrongful Turning,Moderate,2,1,1,Serious,53,Moderate,Unknown,Yes,No,None,Severe,Yes,Motorcycle Related
ACC277,2025-10-29,05:24,Delta,Major Highway,Federal Road,Hazy,Poor Surface,Early Morning,SUV,1,86,38,Male,8,Animal Crossing,Moderate,1,0,1,Minor,40,Poor,Yes,Not Applicable,No,None,High,No,Single Vehicle
ACC278,2025-08-20,03:44,Plateau,Junction,Federal Road,Clear,Dry,Early Morning,Car,4,85,20,Female,1,Fatigue,Moderate,6,1,5,Fatal,27,Good,Yes,Not Applicable,No,Police Officer,Severe,No,Pedestrian Involvement
ACC279,2023-02-07,10:38,Ogun,School Area,Urban Road,Rainy,Wet,Morning,Motorcycle,1,37,38,Female,17,Poor Road Condition,High,0,0,0,Minor,25,Good,Unknown,Yes,No,Speed Bump,Low,No,Motorcycle Related
ACC280,2024-07-01,18:42,Abuja (FCT),Residential Area,Residential Road,Clear,Dry,Evening,Car,2,29,47,Male,17,Brake Failure,Low,0,0,0,Minor,14,Moderate,Yes,Not Applicable,Unknown,Traffic Light,Moderate,Yes,Pedestrian Involvement
ACC281,2025-12-21,08:17,Rivers,Residential Area,Urban Road,Rainy,Potholes,Morning,Tricycle,3,25,27,Female,5,Weather Condition,Moderate,5,0,5,Serious,22,Moderate,Unknown,Not Applicable,Unknown,Road Sign,High,Yes,Multi Vehicle
ACC282,2025-12-14,20:23,Kaduna,Major Highway,Highway,Rainy,Wet,Night,Car,2,80,31,Female,13,Dangerous Overtaking,Moderate,4,0,4,Serious,42,Moderate,Yes,Not Applicable,No,None,Moderate,No,Multi Vehicle
ACC283,2023-04-16,17:41,Lagos,Urban Road,Residential Road,Cloudy,Potholes,Evening,Tricycle,2,52,30,Male,10,Speeding,High,1,0,1,Minor,15,Good,Unknown,Not Applicable,No,None,Low,No,Multi Vehicle
ACC284,2023-03-19,04:39,Kaduna,Expressway,Expressway,Foggy,Dry,Early Morning,Truck,1,110,45,Female,20,Dangerous Overtaking,Moderate,7,1,6,Fatal,37,Poor,Yes,Not Applicable,No,None,Severe,Yes,Commercial Vehicle Related
ACC285,2024-05-29,01:58,Imo,Rural Road,State Road,Foggy,Potholes,Early Morning,Motorcycle,1,84,35,Male,5,Speeding,Moderate,3,1,2,Serious,54,Moderate,Unknown,Yes,Unknown,Road Sign,High,Yes,Single Vehicle
ACC286,2024-06-01,18:20,Lagos,Market Area,Residential Road,Rainy,Under Construction,Evening,Motorcycle,2,40,33,Male,8,Weather Condition,Moderate,2,0,2,Minor,25,Good,Unknown,No,Yes,Road Sign,Low,Yes,Pedestrian Involvement
ACC287,2023-04-14,04:56,Rivers,Rural Road,State Road,Cloudy,Dry,Early Morning,Bus,1,65,33,Male,5,Fatigue,Low,8,1,7,Serious,66,Good,Unknown,Not Applicable,No,Road Sign,High,No,Commercial Vehicle Related
ACC288,2023-04-16,09:01,Abuja (FCT),Expressway,Expressway,Clear,Dry,Morning,Van,2,111,38,Male,10,Speeding,Moderate,2,0,2,Minor,39,Good,Yes,Not Applicable,No,Police Officer,Severe,No,Commercial Vehicle Related
ACC289,2024-09-13,07:13,Edo,Industrial Area,Federal Road,Clear,Poor Surface,Morning,Bus,6,85,20,Male,3,Fatigue,Moderate,5,0,5,Minor,35,Good,No,Not Applicable,No,Speed Bump,Severe,No,Multi Vehicle
ACC290,2025-01-13,20:42,Lagos,Junction,State Road,Clear,Dry,Night,SUV,2,36,25,Male,3,Reckless Driving,Moderate,3,0,3,Minor,5,Good,Yes,Not Applicable,Yes,Road Sign,Low,No,Multi Vehicle
ACC291,2025-09-02,07:53,Rivers,Rural Road,State Road,Clear,Dry,Morning,Bus,1,63,53,Male,27,Speeding,Moderate,2,0,2,Minor,26,Good,No,Not Applicable,No,None,High,Yes,Commercial Vehicle Related
ACC292,2025-09-20,19:04,Rivers,Junction,State Road,Foggy,Wet,Evening,Tricycle,1,42,59,Male,25,Reckless Driving,Moderate,4,0,4,Serious,15,Poor,Unknown,Not Applicable,No,Traffic Light,Moderate,Yes,Pedestrian Involvement
ACC293,2025-05-09,06:20,Lagos,Market Area,State Road,Rainy,Wet,Morning,Truck,6,25,31,Male,10,Brake Failure,High,3,0,3,Minor,16,Moderate,Yes,Not Applicable,No,Police Officer,Moderate,Yes,Commercial Vehicle Related
ACC294,2024-10-21,21:53,Ogun,Major Highway,Federal Road,Clear,Dry,Night,Car,1,123,37,Male,15,Fatigue,Moderate,4,0,4,Minor,30,Good,Unknown,Not Applicable,No,None,High,No,Single Vehicle
ACC295,2023-07-28,08:41,Plateau,Urban Road,Urban Road,Clear,Dry,Morning,Van,1,31,40,Female,19,Weather Condition,Moderate,1,0,1,Minor,12,Good,No,Not Applicable,No,Traffic Light,Low,No,Commercial Vehicle Related
ACC296,2024-11-23,14:50,Niger,Major Highway,Highway,Clear,Dry,Afternoon,Car,2,95,56,Male,23,Wrongful Turning,Moderate,3,0,3,Serious,26,Good,Yes,Not Applicable,No,None,Severe,No,Multi Vehicle
ACC297,2023-11-26,10:16,Abuja (FCT),Bridge,State Road,Heavy Rain,Wet,Morning,Trailer,2,83,43,Male,13,Vehicle Tyre Failure,Low,0,0,0,Minor,17,Poor,Yes,Not Applicable,No,Roundabout,Moderate,Yes,Multi Vehicle
ACC298,2023-06-18,18:18,Ogun,School Area,Residential Road,Foggy,Under Construction,Evening,Truck,2,29,32,Male,2,Fatigue,Low,2,0,2,Minor,17,Poor,Unknown,Not Applicable,No,Speed Bump,Low,Yes,Multi Vehicle
ACC299,2023-01-15,13:05,Oyo,Urban Road,Urban Road,Clear,Poor Surface,Afternoon,Tricycle,5,39,32,Male,7,Weather Condition,Moderate,4,0,4,Serious,21,Good,Unknown,Not Applicable,No,Roundabout,High,No,Multi Vehicle
ACC300,2024-05-15,18:37,Cross River,Rural Road,State Road,Hazy,Flooded,Evening,Car,2,67,19,Male,1,Brake Failure,Low,4,0,4,Minor,62,Moderate,Yes,Not Applicable,Yes,Road Sign,Moderate,Yes,Multi Vehicle
ACC301,2024-08-13,10:18,Imo,Major Highway,Expressway,Clear,Potholes,Morning,Bus,2,80,52,Male,24,Poor Road Condition,High,3,0,3,Minor,12,Good,No,Not Applicable,No,Road Sign,Moderate,No,Multi Vehicle
ACC302,2023-11-02,05:54,Abuja (FCT),Junction,State Road,Rainy,Wet,Early Morning,Bus,2,25,18,Male,1,Weather Condition,High,1,0,1,Minor,8,Moderate,Yes,Not Applicable,No,Speed Bump,Low,Yes,Multi Vehicle
ACC303,2023-08-28,16:56,Benue,Urban Road,Residential Road,Heavy Rain,Wet,Afternoon,Bus,3,20,40,Male,19,Speeding,Moderate,6,0,6,Serious,9,Moderate,Yes,Not Applicable,No,Police Officer,Low,No,Multi Vehicle
ACC304,2023-11-08,08:06,Rivers,Bridge,State Road,Clear,Potholes,Morning,Motorcycle,3,66,39,Female,14,Speeding,High,5,0,5,Serious,28,Good,Unknown,Yes,No,None,High,No,Multi Vehicle
ACC305,2025-03-14,13:33,Enugu,Junction,Urban Road,Hazy,Potholes,Afternoon,Car,1,52,38,Male,16,Dangerous Overtaking,Low,4,0,4,Minor,24,Moderate,Yes,Not Applicable,No,Traffic Light,Low,No,Pedestrian Involvement
ACC306,2024-01-30,21:27,Kaduna,School Area,Urban Road,Clear,Dry,Night,Bus,2,36,35,Male,5,Drunk Driving,Moderate,4,2,2,Serious,11,Moderate,Unknown,Not Applicable,Yes,Speed Bump,Severe,No,Multi Vehicle
ACC307,2023-06-20,22:59,Delta,Major Highway,Federal Road,Clear,Poor Surface,Night,SUV,1,118,23,Male,3,Speeding,Moderate,5,1,4,Serious,39,Good,No,Not Applicable,No,Speed Bump,Severe,No,Single Vehicle
ACC308,2025-12-22,20:11,Abuja (FCT),Urban Road,State Road,Clear,Flooded,Night,Car,1,52,33,Male,9,Brake Failure,Moderate,0,0,0,Minor,21,Good,No,Not Applicable,No,Road Sign,Low,No,Pedestrian Involvement
ACC309,2024-05-23,14:57,Abuja (FCT),School Area,State Road,Hazy,Wet,Afternoon,Motorcycle,3,36,24,Female,5,Speeding,Moderate,3,0,3,Minor,5,Moderate,Unknown,Yes,No,Speed Bump,Moderate,No,Multi Vehicle
ACC310,2024-07-18,06:24,Abuja (FCT),Market Area,State Road,Foggy,Potholes,Morning,Tricycle,1,45,40,Male,10,Vehicle Tyre Failure,Moderate,6,1,5,Serious,26,Poor,Unknown,Not Applicable,No,Police Officer,High,Yes,Single Vehicle
ACC311,2024-10-08,15:53,Delta,Residential Area,Urban Road,Cloudy,Dry,Afternoon,Motorcycle,1,44,18,Male,1,Wrongful Turning,Low,4,0,4,Serious,31,Good,Unknown,No,No,Road Sign,High,Yes,Motorcycle Related
ACC312,2025-09-27,19:10,Enugu,Junction,Highway,Clear,Dry,Evening,Car,2,42,43,Male,12,Vehicle Tyre Failure,High,2,0,2,Serious,15,Good,Yes,Not Applicable,No,Traffic Light,Moderate,No,Multi Vehicle
ACC313,2024-12-30,02:24,Lagos,School Area,Residential Road,Clear,Dry,Early Morning,Truck,1,21,29,Female,2,Animal Crossing,Moderate,2,0,2,Minor,18,Good,Unknown,Not Applicable,No,Speed Bump,Low,No,Commercial Vehicle Related
ACC314,2025-02-26,14:29,Benue,School Area,State Road,Clear,Wet,Afternoon,Motorcycle,1,73,27,Female,3,Speeding,Moderate,1,0,1,Minor,16,Good,Unknown,No,No,Speed Bump,Moderate,No,Motorcycle Related
ACC315,2024-03-27,19:28,Edo,Expressway,Expressway,Clear,Dry,Evening,Car,2,106,28,Male,10,Speeding,Moderate,7,2,5,Fatal,21,Good,Yes,Not Applicable,No,None,Severe,No,Multi Vehicle
ACC316,2024-07-14,22:51,Rivers,Roundabout,Urban Road,Clear,Potholes,Night,Car,1,44,31,Female,7,Brake Failure,Moderate,4,2,2,Serious,5,Good,No,Not Applicable,No,Police Officer,High,No,Single Vehicle
ACC317,2025-02-14,19:42,Lagos,Major Highway,Federal Road,Rainy,Wet,Evening,Bus,2,81,18,Male,1,Dangerous Overtaking,Moderate,5,0,5,Serious,25,Moderate,No,Not Applicable,No,None,Severe,Yes,Multi Vehicle
ACC318,2024-10-16,21:14,Delta,Roundabout,Highway,Rainy,Dry,Night,Bus,2,66,52,Male,26,Drunk Driving,Moderate,5,0,5,Serious,15,Good,Unknown,Not Applicable,Yes,Roundabout,High,Yes,Multi Vehicle
ACC319,2024-08-10,07:37,Rivers,Residential Area,Urban Road,Foggy,Poor Surface,Morning,Tricycle,2,38,27,Male,8,Distracted Driving,Low,2,0,2,Minor,28,Good,Unknown,Not Applicable,No,Speed Bump,Moderate,Yes,Multi Vehicle
ACC320,2023-12-06,17:12,Niger,Major Highway,Federal Road,Clear,Under Construction,Evening,SUV,4,68,29,Female,4,Speeding,Moderate,4,0,4,Serious,41,Good,No,Not Applicable,No,None,Severe,No,Multi Vehicle
ACC321,2023-01-30,17:50,Niger,Residential Area,Urban Road,Cloudy,Dry,Evening,Truck,4,25,27,Female,2,Dangerous Overtaking,High,3,0,3,Minor,7,Moderate,No,Not Applicable,No,Road Sign,Moderate,No,Commercial Vehicle Related
ACC322,2025-11-16,05:17,Edo,Junction,Highway,Clear,Dry,Early Morning,Truck,3,85,46,Female,19,Fatigue,Moderate,0,0,0,Minor,22,Good,Yes,Not Applicable,No,Police Officer,High,No,Multi Vehicle
ACC323,2025-04-22,23:03,Lagos,Junction,Urban Road,Clear,Dry,Night,Motorcycle,3,25,52,Male,11,Distracted Driving,Moderate,4,0,4,Serious,26,Good,Unknown,Yes,Yes,Roundabout,High,Yes,Motorcycle Related
ACC324,2024-05-25,03:01,Kaduna,Roundabout,Urban Road,Cloudy,Poor Surface,Early Morning,Car,2,39,58,Male,20,Weather Condition,Moderate,0,0,0,Minor,34,Moderate,Yes,Not Applicable,No,Roundabout,Low,No,Multi Vehicle
ACC325,2024-01-29,08:40,Nasarawa,Roundabout,State Road,Cloudy,Potholes,Morning,Tricycle,2,31,40,Male,11,Distracted Driving,High,2,0,2,Minor,9,Moderate,Unknown,Not Applicable,No,Roundabout,Low,No,Multi Vehicle
ACC326,2024-11-14,23:53,Lagos,Major Highway,Expressway,Cloudy,Wet,Night,Truck,1,102,32,Male,11,Wrongful Turning,High,3,0,3,Serious,55,Moderate,Yes,Not Applicable,No,Road Sign,Severe,No,Commercial Vehicle Related
ACC327,2023-09-21,01:36,Kano,Junction,State Road,Rainy,Flooded,Early Morning,Bus,3,25,35,Female,11,Reckless Driving,High,4,0,4,Minor,14,Moderate,Yes,Not Applicable,Unknown,Traffic Light,Low,Yes,Commercial Vehicle Related
ACC328,2024-08-11,04:23,Kano,School Area,Urban Road,Cloudy,Dry,Early Morning,Car,3,30,36,Male,14,Fatigue,High,0,0,0,Minor,27,Moderate,No,Not Applicable,No,Traffic Light,Moderate,No,Pedestrian Involvement
ACC329,2025-03-30,12:02,Abuja (FCT),Urban Road,Urban Road,Clear,Dry,Afternoon,SUV,3,35,29,Male,2,Vehicle Tyre Failure,Moderate,6,1,5,Fatal,5,Good,No,Not Applicable,No,Speed Bump,High,No,Multi Vehicle
ACC330,2023-03-03,09:52,Lagos,Roundabout,Highway,Rainy,Wet,Morning,Car,4,72,50,Male,14,Dangerous Overtaking,Moderate,6,0,6,Serious,10,Moderate,Yes,Not Applicable,No,Traffic Light,Severe,Yes,Multi Vehicle
ACC331,2025-05-15,09:15,Ogun,Rural Road,Rural Road,Cloudy,Dry,Morning,Truck,2,36,29,Male,10,Speeding,High,2,0,2,Minor,30,Good,Unknown,Not Applicable,No,Speed Bump,Moderate,Yes,Commercial Vehicle Related
ACC332,2025-07-22,15:28,Anambra,Junction,Highway,Rainy,Wet,Afternoon,Bus,4,50,51,Male,29,Speeding,High,2,0,2,Minor,25,Moderate,Unknown,Not Applicable,No,Road Sign,High,Yes,Pedestrian Involvement
ACC333,2023-07-28,19:41,Akwa Ibom,Major Highway,Federal Road,Clear,Dry,Evening,Car,3,95,38,Male,14,Reckless Driving,High,6,1,5,Serious,30,Good,No,Not Applicable,Yes,Traffic Light,High,No,Multi Vehicle
ACC334,2025-11-18,19:01,Kaduna,Expressway,Expressway,Hazy,Wet,Evening,Motorcycle,3,88,30,Male,12,Speeding,High,3,1,2,Serious,25,Moderate,Unknown,Yes,No,None,Severe,Yes,Motorcycle Related
ACC335,2023-12-28,23:15,Kaduna,Industrial Area,Highway,Cloudy,Flooded,Night,Van,1,109,29,Male,10,Mechanical Failure,Low,4,0,4,Serious,33,Moderate,No,Not Applicable,Unknown,Traffic Light,Severe,Yes,Single Vehicle
ACC336,2024-07-06,14:07,Nasarawa,Rural Road,State Road,Cloudy,Dry,Afternoon,Motorcycle,1,67,31,Male,7,Poor Road Condition,Low,2,0,2,Minor,43,Poor,Unknown,No,No,Traffic Light,Moderate,No,Single Vehicle
ACC337,2025-02-26,03:01,Imo,Industrial Area,Urban Road,Foggy,Dry,Early Morning,Motorcycle,2,44,34,Female,8,Wrongful Turning,High,2,0,2,Serious,8,Poor,Unknown,Yes,No,Road Sign,High,Yes,Motorcycle Related
ACC338,2025-12-06,07:45,Kaduna,Junction,Urban Road,Hazy,Wet,Morning,Trailer,1,25,34,Male,8,Drunk Driving,High,3,0,3,Serious,26,Poor,Yes,Not Applicable,Yes,Police Officer,Moderate,Yes,Single Vehicle
ACC339,2025-10-29,05:27,Cross River,Industrial Area,Highway,Clear,Dry,Early Morning,Truck,1,85,41,Male,12,Brake Failure,Moderate,3,2,1,Fatal,38,Moderate,No,Not Applicable,No,Roundabout,Severe,No,Single Vehicle
ACC340,2024-08-20,11:22,Rivers,Junction,State Road,Clear,Poor Surface,Morning,Motorcycle,1,81,44,Male,18,Weather Condition,Moderate,6,0,6,Fatal,20,Moderate,Unknown,No,No,Traffic Light,Severe,No,Motorcycle Related
ACC341,2024-06-25,18:37,Ogun,Urban Road,Urban Road,Clear,Potholes,Evening,Motorcycle,2,25,27,Female,5,Dangerous Overtaking,High,5,2,3,Fatal,30,Good,Unknown,No,No,Traffic Light,Moderate,No,Motorcycle Related
ACC342,2025-12-06,02:44,Kaduna,Roundabout,State Road,Clear,Potholes,Early Morning,Motorcycle,2,65,45,Male,8,Dangerous Overtaking,Moderate,1,0,1,Minor,14,Good,Unknown,Yes,No,Roundabout,Low,No,Multi Vehicle
ACC343,2025-05-18,23:26,Anambra,Industrial Area,Highway,Clear,Dry,Night,Car,1,111,18,Female,1,Speeding,Moderate,7,2,5,Fatal,42,Good,Unknown,Not Applicable,Unknown,Roundabout,Severe,No,Single Vehicle
ACC344,2023-07-14,03:31,Abuja (FCT),Roundabout,Urban Road,Clear,Dry,Early Morning,Car,1,25,38,Female,16,Dangerous Overtaking,High,2,0,2,Minor,30,Good,Yes,Not Applicable,No,Roundabout,Low,Yes,Single Vehicle
ACC345,2025-10-12,05:52,Anambra,Expressway,Expressway,Cloudy,Wet,Early Morning,Bus,2,111,51,Male,23,Fatigue,Moderate,3,0,3,Serious,12,Good,Unknown,Not Applicable,Unknown,None,Severe,Yes,Multi Vehicle
ACC346,2023-05-17,23:40,Ogun,Major Highway,Federal Road,Cloudy,Dry,Night,Motorcycle,1,130,31,Female,8,Distracted Driving,Low,3,3,0,Fatal,12,Good,Unknown,Yes,No,Police Officer,Severe,No,Motorcycle Related
ACC347,2025-06-07,09:19,Lagos,Roundabout,Highway,Rainy,Wet,Morning,Bus,6,40,18,Female,1,Vehicle Tyre Failure,Moderate,3,0,3,Minor,19,Moderate,Yes,Not Applicable,No,Roundabout,High,No,Commercial Vehicle Related
ACC348,2024-03-16,09:52,Abuja (FCT),Expressway,Federal Road,Clear,Potholes,Morning,Bus,3,130,23,Male,5,Dangerous Overtaking,Low,6,0,6,Serious,53,Good,Unknown,Not Applicable,No,None,Severe,No,Multi Vehicle
ACC349,2025-12-28,09:18,Kano,Roundabout,Urban Road,Clear,Potholes,Morning,Tricycle,2,25,38,Male,16,Distracted Driving,Moderate,3,1,2,Serious,29,Good,Unknown,Not Applicable,Unknown,Roundabout,Moderate,No,Multi Vehicle
ACC350,2025-07-24,17:53,Abuja (FCT),Junction,State Road,Rainy,Wet,Evening,Trailer,3,34,44,Male,16,Speeding,High,6,2,4,Serious,25,Moderate,Yes,Not Applicable,No,Road Sign,High,Yes,Commercial Vehicle Related
ACC351,2025-06-06,15:42,Benue,Market Area,State Road,Clear,Under Construction,Afternoon,Truck,3,39,20,Male,1,Fatigue,Moderate,4,0,4,Serious,5,Good,Yes,Not Applicable,No,Police Officer,Severe,No,Multi Vehicle
ACC352,2023-05-05,03:08,Delta,Bridge,State Road,Clear,Potholes,Early Morning,Truck,3,87,18,Male,1,Fatigue,Moderate,10,2,8,Fatal,39,Moderate,Yes,Not Applicable,Unknown,None,Severe,No,Commercial Vehicle Related
ACC353,2024-11-08,02:54,Lagos,Roundabout,Urban Road,Clear,Dry,Early Morning,Bus,2,25,37,Male,8,Drunk Driving,High,0,0,0,Minor,10,Moderate,Unknown,Not Applicable,Yes,Police Officer,Low,No,Multi Vehicle
ACC354,2025-01-12,09:56,Kano,Residential Area,Residential Road,Rainy,Wet,Morning,Motorcycle,3,22,39,Female,6,Drunk Driving,Moderate,4,0,4,Serious,23,Moderate,Unknown,No,Yes,Speed Bump,Moderate,No,Motorcycle Related
ACC355,2023-04-07,08:59,Kwara,Junction,Highway,Rainy,Dry,Morning,Car,3,47,26,Male,8,Speeding,High,5,1,4,Serious,25,Poor,Yes,Not Applicable,Yes,Police Officer,High,No,Pedestrian Involvement
ACC356,2023-11-20,05:42,Rivers,School Area,Residential Road,Clear,Dry,Early Morning,Car,4,43,26,Male,6,Speeding,Moderate,3,1,2,Fatal,19,Good,Yes,Not Applicable,No,Speed Bump,Severe,No,Multi Vehicle
ACC357,2024-01-18,04:33,Anambra,Rural Road,Rural Road,Clear,Dry,Early Morning,Motorcycle,1,44,18,Male,1,Wrongful Turning,High,1,0,1,Minor,58,Good,Unknown,No,No,None,Low,No,Single Vehicle
ACC358,2025-01-07,05:28,Kwara,Major Highway,Expressway,Foggy,Dry,Early Morning,Car,3,107,43,Male,9,Mechanical Failure,Moderate,0,0,0,Minor,20,Poor,Yes,Not Applicable,No,None,High,No,Multi Vehicle
ACC359,2024-09-27,06:05,Oyo,Market Area,Urban Road,Foggy,Dry,Morning,Motorcycle,4,52,21,Male,2,Dangerous Overtaking,High,6,1,5,Fatal,19,Moderate,Unknown,No,No,Police Officer,High,No,Multi Vehicle
ACC360,2025-01-18,13:18,Lagos,Urban Road,Urban Road,Heavy Rain,Wet,Afternoon,Motorcycle,2,25,44,Male,17,Vehicle Tyre Failure,High,2,0,2,Minor,16,Poor,Unknown,Yes,No,Road Sign,Low,Yes,Multi Vehicle
ACC361,2025-04-18,01:05,Ogun,Major Highway,Highway,Foggy,Dry,Early Morning,SUV,2,107,46,Female,9,Reckless Driving,High,5,1,4,Fatal,22,Poor,Yes,Not Applicable,Yes,None,Severe,Yes,Multi Vehicle
ACC362,2025-04-22,18:29,Edo,Rural Road,State Road,Clear,Poor Surface,Evening,Truck,2,54,26,Female,3,Reckless Driving,Low,0,0,0,Minor,52,Good,Yes,Not Applicable,No,None,Moderate,No,Multi Vehicle
ACC363,2025-10-01,04:03,Delta,Expressway,Expressway,Clear,Potholes,Early Morning,SUV,2,94,40,Male,18,Brake Failure,Moderate,4,0,4,Minor,9,Good,Yes,Not Applicable,No,Road Sign,Moderate,No,Multi Vehicle
ACC364,2024-12-30,23:48,Anambra,Major Highway,Federal Road,Cloudy,Potholes,Night,Bus,3,99,42,Female,14,Distracted Driving,Moderate,4,2,2,Serious,17,Good,Unknown,Not Applicable,No,Road Sign,Severe,No,Commercial Vehicle Related
ACC365,2025-06-20,16:27,Nasarawa,Industrial Area,Highway,Hazy,Poor Surface,Afternoon,Car,2,44,39,Male,15,Weather Condition,High,4,1,3,Fatal,49,Moderate,Yes,Not Applicable,No,Police Officer,High,No,Multi Vehicle
ACC366,2025-10-18,05:36,Rivers,Junction,Urban Road,Hazy,Dry,Early Morning,Motorcycle,4,34,18,Male,1,Poor Road Condition,High,3,0,3,Minor,5,Moderate,Unknown,Yes,No,Speed Bump,Low,Yes,Motorcycle Related
ACC367,2023-03-31,15:43,Cross River,Junction,Urban Road,Hazy,Dry,Afternoon,Car,3,32,22,Male,1,Speeding,Moderate,3,0,3,Serious,28,Moderate,Yes,Not Applicable,Yes,Traffic Light,Moderate,No,Multi Vehicle
ACC368,2024-01-21,21:08,Akwa Ibom,Rural Road,State Road,Rainy,Wet,Night,Truck,1,70,44,Male,3,Mechanical Failure,Low,0,0,0,Minor,77,Moderate,Unknown,Not Applicable,No,None,Low,Yes,Single Vehicle
ACC369,2023-08-13,20:18,Benue,Rural Road,State Road,Cloudy,Potholes,Night,Car,4,84,41,Male,3,Speeding,Moderate,3,0,3,Minor,65,Moderate,Yes,Not Applicable,No,Speed Bump,Moderate,No,Multi Vehicle
ACC370,2025-08-11,19:16,Delta,School Area,Residential Road,Foggy,Potholes,Evening,Bus,3,23,38,Male,8,Speeding,Moderate,3,0,3,Serious,12,Poor,Yes,Not Applicable,No,Traffic Light,High,Yes,Multi Vehicle
ACC371,2023-03-25,01:06,Anambra,Residential Area,State Road,Clear,Potholes,Early Morning,Motorcycle,2,50,45,Male,16,Vehicle Tyre Failure,High,5,1,4,Fatal,14,Moderate,Unknown,No,Yes,Police Officer,Severe,No,Motorcycle Related
ACC372,2023-12-02,08:38,Edo,Roundabout,State Road,Rainy,Flooded,Morning,Truck,2,25,32,Male,9,Speeding,Moderate,2,0,2,Minor,15,Poor,Yes,Not Applicable,No,None,Moderate,No,Multi Vehicle
ACC373,2025-02-15,08:09,Rivers,Market Area,Residential Road,Clear,Dry,Morning,Bus,2,44,29,Male,6,Brake Failure,Low,0,0,0,Minor,14,Good,Unknown,Not Applicable,No,Police Officer,Low,No,Commercial Vehicle Related
ACC374,2025-06-13,12:05,Lagos,Junction,Federal Road,Clear,Dry,Afternoon,Truck,4,45,43,Male,22,Distracted Driving,Low,3,0,3,Minor,19,Good,Yes,Not Applicable,No,None,High,No,Multi Vehicle
ACC375,2025-04-25,05:29,Ogun,Expressway,Expressway,Rainy,Wet,Early Morning,Trailer,2,128,29,Male,9,Drunk Driving,Moderate,8,1,7,Fatal,52,Moderate,No,Not Applicable,Yes,None,Severe,Yes,Multi Vehicle
ACC376,2025-12-12,18:58,Lagos,Expressway,Expressway,Heavy Rain,Flooded,Evening,Tanker,6,77,20,Male,1,Reckless Driving,High,5,1,4,Serious,31,Moderate,Yes,Not Applicable,No,None,Severe,Yes,Multi Vehicle
ACC377,2024-09-20,04:23,Anambra,School Area,State Road,Clear,Wet,Early Morning,Motorcycle,2,50,44,Female,7,Speeding,High,4,2,2,Fatal,17,Moderate,Unknown,Yes,No,Speed Bump,Severe,No,Motorcycle Related
ACC378,2025-03-17,09:39,Niger,Major Highway,Expressway,Cloudy,Dry,Morning,Truck,1,130,43,Male,13,Drunk Driving,Low,3,1,2,Serious,21,Good,Unknown,Not Applicable,Yes,None,Severe,No,Commercial Vehicle Related
ACC379,2025-03-24,01:22,Abuja (FCT),Major Highway,Federal Road,Cloudy,Potholes,Early Morning,SUV,4,91,40,Male,16,Dangerous Overtaking,Low,4,0,4,Serious,56,Moderate,Yes,Not Applicable,No,Police Officer,Severe,No,Multi Vehicle
ACC380,2023-11-25,07:50,Abuja (FCT),School Area,State Road,Clear,Dry,Morning,Motorcycle,1,28,38,Male,13,Distracted Driving,Moderate,1,0,1,Minor,12,Good,Unknown,No,No,Road Sign,Low,Yes,Motorcycle Related
ACC381,2024-08-31,02:01,Kano,Major Highway,Highway,Clear,Dry,Early Morning,Bus,2,118,32,Male,14,Fatigue,Moderate,6,1,5,Fatal,37,Moderate,Yes,Not Applicable,Unknown,Road Sign,Severe,No,Multi Vehicle
ACC382,2023-06-20,08:47,Lagos,Junction,Highway,Heavy Rain,Flooded,Morning,Van,2,43,23,Female,4,Weather Condition,Low,2,1,1,Serious,22,Poor,Unknown,Not Applicable,No,Police Officer,Moderate,Yes,Pedestrian Involvement
ACC383,2023-10-23,11:35,Kano,Major Highway,Federal Road,Clear,Dry,Morning,Bus,2,96,43,Male,22,Distracted Driving,Moderate,6,5,1,Fatal,39,Good,No,Not Applicable,No,Roundabout,Severe,No,Commercial Vehicle Related
ACC384,2023-10-11,15:46,Anambra,School Area,Residential Road,Cloudy,Wet,Afternoon,Car,3,32,29,Female,8,Fatigue,Low,1,0,1,Minor,5,Good,No,Not Applicable,No,Roundabout,Moderate,No,Pedestrian Involvement
ACC385,2023-08-17,02:58,Oyo,Residential Area,Urban Road,Rainy,Wet,Early Morning,SUV,2,25,30,Female,9,Distracted Driving,Moderate,2,0,2,Minor,16,Moderate,Yes,Not Applicable,No,None,Low,No,Multi Vehicle
ACC386,2023-06-24,20:37,Edo,Roundabout,Highway,Cloudy,Dry,Night,Trailer,1,43,30,Female,8,Fatigue,High,1,0,1,Minor,29,Moderate,Yes,Not Applicable,Unknown,Roundabout,Moderate,No,Commercial Vehicle Related
ACC387,2025-09-11,18:25,Kano,Rural Road,Rural Road,Cloudy,Poor Surface,Evening,Van,3,95,24,Male,3,Speeding,Low,2,0,2,Serious,65,Good,Unknown,Not Applicable,No,None,Severe,No,Multi Vehicle
ACC388,2025-04-29,19:09,Niger,Residential Area,Urban Road,Clear,Dry,Evening,Motorcycle,2,25,33,Female,7,Fatigue,High,1,0,1,Minor,19,Good,Unknown,Yes,No,Speed Bump,Low,No,Multi Vehicle
ACC389,2025-02-01,15:19,Ogun,Rural Road,Rural Road,Clear,Potholes,Afternoon,Motorcycle,3,76,36,Male,4,Brake Failure,Moderate,11,2,9,Fatal,58,Good,Unknown,No,Yes,Road Sign,Severe,No,Motorcycle Related
ACC390,2024-04-27,17:45,Plateau,Junction,State Road,Clear,Potholes,Evening,Motorcycle,2,31,37,Male,16,Drunk Driving,Low,1,0,1,Minor,8,Good,Unknown,Yes,Yes,Road Sign,Low,No,Motorcycle Related
ACC391,2025-07-31,07:14,Ogun,Urban Road,State Road,Foggy,Dry,Morning,Car,1,74,25,Male,5,Speeding,Low,7,1,6,Fatal,12,Poor,No,Not Applicable,No,Road Sign,Severe,Yes,Single Vehicle
ACC392,2025-03-20,09:51,Ogun,Residential Area,Urban Road,Clear,Potholes,Morning,Car,2,38,29,Male,7,Speeding,Moderate,0,0,0,Minor,16,Moderate,No,Not Applicable,No,Road Sign,Low,No,Pedestrian Involvement
ACC393,2025-06-28,18:28,Ogun,Major Highway,Expressway,Rainy,Wet,Evening,Car,5,112,25,Male,1,Animal Crossing,High,6,2,4,Fatal,33,Moderate,No,Not Applicable,No,Traffic Light,Severe,Yes,Multi Vehicle
ACC394,2023-08-28,18:43,Benue,Rural Road,State Road,Cloudy,Dry,Evening,Tricycle,1,71,35,Female,5,Poor Road Condition,Low,2,2,0,Fatal,38,Good,Unknown,Not Applicable,No,None,Severe,No,Single Vehicle
ACC395,2024-05-17,07:54,Edo,Rural Road,Rural Road,Rainy,Poor Surface,Morning,Motorcycle,2,89,18,Male,1,Weather Condition,Low,0,0,0,Minor,58,Poor,Unknown,No,Unknown,Roundabout,High,Yes,Multi Vehicle
ACC396,2024-09-16,07:46,Akwa Ibom,Urban Road,State Road,Clear,Dry,Morning,Motorcycle,1,75,18,Male,1,Mechanical Failure,Moderate,3,0,3,Minor,20,Moderate,Unknown,Yes,No,None,Moderate,No,Motorcycle Related
ACC397,2024-06-24,15:07,Rivers,Urban Road,Residential Road,Clear,Wet,Afternoon,Car,2,47,46,Female,12,Fatigue,Moderate,6,2,4,Fatal,33,Moderate,Unknown,Not Applicable,No,Road Sign,High,No,Pedestrian Involvement
ACC398,2024-08-16,06:46,Lagos,Expressway,Federal Road,Rainy,Potholes,Morning,Motorcycle,2,107,37,Male,14,Speeding,Low,4,2,2,Serious,21,Moderate,Unknown,Yes,Yes,None,Severe,No,Multi Vehicle
ACC399,2025-04-19,07:39,Oyo,Rural Road,Rural Road,Clear,Potholes,Morning,Bus,3,75,23,Male,2,Weather Condition,Low,1,0,1,Minor,50,Poor,Yes,Not Applicable,No,None,High,No,Multi Vehicle
ACC400,2024-11-19,15:48,Rivers,Urban Road,Residential Road,Clear,Under Construction,Afternoon,Car,3,20,22,Female,2,Weather Condition,High,0,0,0,Minor,30,Good,Yes,Not Applicable,No,Police Officer,Low,No,Multi Vehicle
ACC401,2025-09-28,16:29,Enugu,Junction,State Road,Heavy Rain,Wet,Afternoon,Car,3,51,47,Male,17,Speeding,High,0,0,0,Minor,24,Poor,Yes,Not Applicable,No,Road Sign,Moderate,Yes,Multi Vehicle
ACC402,2023-06-23,03:26,Anambra,Rural Road,Rural Road,Hazy,Dry,Early Morning,Truck,3,120,40,Male,15,Animal Crossing,Low,1,0,1,Minor,48,Good,Unknown,Not Applicable,No,Speed Bump,Severe,Yes,Multi Vehicle
ACC403,2025-02-05,16:36,Anambra,Residential Area,State Road,Clear,Wet,Afternoon,Motorcycle,3,34,28,Male,1,Dangerous Overtaking,High,2,0,2,Minor,29,Good,Unknown,Yes,No,None,Low,No,Multi Vehicle
ACC404,2025-05-18,06:55,Edo,School Area,Urban Road,Heavy Rain,Flooded,Morning,Car,2,41,33,Male,8,Poor Road Condition,Moderate,1,0,1,Minor,36,Moderate,No,Not Applicable,No,Speed Bump,Low,Yes,Multi Vehicle
ACC405,2024-04-14,05:35,Cross River,Urban Road,State Road,Rainy,Potholes,Early Morning,Tricycle,2,58,29,Male,4,Poor Road Condition,High,2,0,2,Minor,26,Good,Unknown,Not Applicable,No,Roundabout,Low,No,Pedestrian Involvement
ACC406,2024-10-17,23:02,Lagos,Roundabout,State Road,Clear,Dry,Night,Trailer,2,37,33,Male,9,Wrongful Turning,High,1,0,1,Minor,17,Good,Yes,Not Applicable,No,Traffic Light,Moderate,No,Multi Vehicle
ACC407,2025-11-05,15:26,Ogun,Junction,Urban Road,Clear,Dry,Afternoon,Bus,2,25,49,Male,21,Fatigue,High,1,0,1,Minor,21,Good,Yes,Not Applicable,No,Traffic Light,Moderate,No,Commercial Vehicle Related
ACC408,2024-10-13,12:18,Oyo,Industrial Area,Urban Road,Heavy Rain,Wet,Afternoon,Tanker,1,45,25,Male,6,Weather Condition,Low,3,1,2,Serious,29,Good,Yes,Not Applicable,No,Roundabout,High,Yes,Commercial Vehicle Related
ACC409,2025-10-11,13:12,Kano,Major Highway,Expressway,Clear,Dry,Afternoon,Tanker,3,96,29,Female,7,Poor Road Condition,High,8,1,7,Serious,38,Good,Unknown,Not Applicable,No,None,Severe,No,Commercial Vehicle Related
ACC410,2025-12-11,09:16,Edo,Rural Road,Rural Road,Rainy,Under Construction,Morning,Motorcycle,2,99,23,Male,2,Vehicle Tyre Failure,Moderate,6,2,4,Fatal,40,Moderate,Unknown,Yes,No,None,Severe,Yes,Motorcycle Related
ACC411,2024-12-13,21:24,Rivers,Junction,Highway,Rainy,Poor Surface,Night,Motorcycle,2,66,33,Male,11,Mechanical Failure,Moderate,2,0,2,Minor,30,Poor,Unknown,Yes,No,Traffic Light,High,No,Motorcycle Related
ACC412,2024-03-05,06:12,Akwa Ibom,Bridge,Highway,Cloudy,Dry,Morning,Motorcycle,2,70,41,Male,5,Mechanical Failure,Moderate,2,0,2,Minor,12,Good,Unknown,No,Unknown,None,Low,No,Motorcycle Related
ACC413,2023-03-01,20:30,Nasarawa,Urban Road,State Road,Clear,Poor Surface,Night,Tanker,2,78,42,Male,12,Brake Failure,Moderate,1,0,1,Minor,40,Good,No,Not Applicable,No,Road Sign,High,No,Pedestrian Involvement
ACC414,2025-06-09,00:36,Enugu,Industrial Area,Highway,Clear,Poor Surface,Early Morning,Car,3,92,18,Male,1,Animal Crossing,High,4,1,3,Serious,27,Good,Yes,Not Applicable,Unknown,None,Severe,No,Multi Vehicle
ACC415,2023-11-16,11:07,Kaduna,Market Area,Residential Road,Clear,Potholes,Morning,Motorcycle,4,30,37,Male,8,Poor Road Condition,Moderate,5,0,5,Minor,5,Good,Unknown,No,Yes,Police Officer,Moderate,Yes,Multi Vehicle
ACC416,2023-03-10,06:11,Lagos,Rural Road,Rural Road,Heavy Rain,Potholes,Morning,Motorcycle,5,65,30,Female,8,Brake Failure,High,4,0,4,Serious,45,Moderate,Unknown,Yes,No,None,Severe,Yes,Motorcycle Related
ACC417,2025-06-13,18:01,Anambra,Urban Road,State Road,Cloudy,Dry,Evening,Motorcycle,2,42,42,Female,2,Vehicle Tyre Failure,High,6,2,4,Fatal,12,Good,Unknown,Yes,No,Speed Bump,Severe,No,Multi Vehicle
ACC418,2025-03-18,11:13,Ogun,Market Area,State Road,Heavy Rain,Poor Surface,Morning,Truck,3,25,18,Male,1,Vehicle Tyre Failure,High,3,0,3,Minor,21,Poor,Yes,Not Applicable,No,Roundabout,Low,Yes,Multi Vehicle
ACC419,2025-05-13,18:14,Kano,Urban Road,State Road,Clear,Dry,Evening,Tricycle,2,73,33,Male,15,Distracted Driving,Moderate,3,0,3,Minor,37,Moderate,Unknown,Not Applicable,No,Speed Bump,Moderate,No,Pedestrian Involvement
ACC420,2025-02-15,23:48,Lagos,Junction,Highway,Rainy,Wet,Night,SUV,6,78,48,Female,26,Weather Condition,Moderate,2,0,2,Minor,5,Good,Yes,Not Applicable,No,Road Sign,High,Yes,Multi Vehicle
ACC421,2023-05-31,16:13,Oyo,Rural Road,State Road,Rainy,Wet,Afternoon,Car,1,69,22,Female,3,Speeding,Low,7,0,7,Serious,47,Moderate,No,Not Applicable,No,None,Severe,No,Single Vehicle
ACC422,2025-08-28,07:39,Delta,Junction,Federal Road,Clear,Dry,Morning,Motorcycle,3,85,49,Female,24,Distracted Driving,Moderate,7,0,7,Serious,31,Good,Unknown,No,No,Traffic Light,Severe,No,Multi Vehicle
ACC423,2024-09-30,09:29,Imo,Market Area,Residential Road,Cloudy,Poor Surface,Morning,Car,3,24,49,Female,6,Poor Road Condition,High,4,0,4,Serious,25,Moderate,Yes,Not Applicable,No,None,Low,No,Multi Vehicle
ACC424,2024-10-17,12:59,Akwa Ibom,Rural Road,State Road,Rainy,Poor Surface,Afternoon,Bus,1,41,43,Male,19,Poor Road Condition,Moderate,1,1,0,Serious,89,Moderate,Yes,Not Applicable,No,None,Moderate,No,Single Vehicle
ACC425,2023-09-07,03:18,Enugu,Junction,Federal Road,Rainy,Under Construction,Early Morning,Car,2,85,25,Male,4,Weather Condition,Moderate,1,0,1,Serious,41,Poor,No,Not Applicable,Unknown,Road Sign,Severe,Yes,Multi Vehicle
ACC426,2025-12-02,23:15,Rivers,Rural Road,Rural Road,Clear,Flooded,Night,Motorcycle,2,91,44,Male,10,Speeding,Moderate,2,1,1,Fatal,90,Good,Unknown,Yes,No,Road Sign,Severe,No,Motorcycle Related
ACC427,2023-07-22,17:48,Abuja (FCT),Major Highway,Highway,Clear,Wet,Evening,Truck,4,88,21,Female,4,Brake Failure,High,8,1,7,Fatal,24,Moderate,No,Not Applicable,Yes,None,Severe,No,Multi Vehicle
ACC428,2023-01-14,23:50,Kaduna,Expressway,Expressway,Clear,Potholes,Night,Van,2,89,30,Male,8,Poor Road Condition,Moderate,0,0,0,Minor,38,Moderate,No,Not Applicable,No,None,Moderate,No,Commercial Vehicle Related
ACC429,2023-08-11,03:28,Edo,Market Area,Urban Road,Hazy,Wet,Early Morning,Bus,4,72,28,Male,5,Weather Condition,Low,9,2,7,Serious,23,Poor,Unknown,Not Applicable,No,Police Officer,Severe,Yes,Multi Vehicle
ACC430,2023-06-05,07:01,Abuja (FCT),Expressway,Expressway,Clear,Potholes,Morning,Truck,3,127,34,Male,5,Dangerous Overtaking,Low,6,1,5,Fatal,27,Good,Yes,Not Applicable,No,Police Officer,Severe,No,Multi Vehicle
ACC431,2025-04-28,23:52,Oyo,Major Highway,Expressway,Rainy,Wet,Night,Motorcycle,1,118,36,Male,12,Dangerous Overtaking,Moderate,5,1,4,Fatal,29,Moderate,Unknown,Yes,No,Road Sign,Severe,Yes,Motorcycle Related
ACC432,2023-05-19,18:27,Abuja (FCT),Major Highway,Highway,Rainy,Wet,Evening,Bus,2,63,35,Male,6,Weather Condition,High,1,0,1,Minor,30,Moderate,Yes,Not Applicable,No,Road Sign,Moderate,No,Commercial Vehicle Related
ACC433,2024-01-01,21:02,Ogun,Roundabout,Highway,Clear,Potholes,Night,Bus,1,60,36,Male,4,Speeding,Moderate,1,0,1,Minor,32,Good,Yes,Not Applicable,No,Roundabout,Moderate,Yes,Single Vehicle
ACC434,2024-03-11,06:29,Kaduna,Junction,Highway,Cloudy,Flooded,Morning,Bus,5,85,39,Male,19,Drunk Driving,Moderate,5,2,3,Serious,23,Good,Unknown,Not Applicable,Yes,Road Sign,Severe,Yes,Commercial Vehicle Related
ACC435,2024-04-22,07:58,Plateau,Industrial Area,Federal Road,Hazy,Dry,Morning,Motorcycle,1,84,37,Male,20,Reckless Driving,Moderate,1,0,1,Serious,34,Poor,Unknown,No,No,Police Officer,High,No,Single Vehicle
ACC436,2024-05-15,09:34,Imo,Junction,Highway,Hazy,Dry,Morning,SUV,6,47,27,Male,6,Mechanical Failure,High,5,0,5,Serious,24,Moderate,No,Not Applicable,Unknown,Traffic Light,Severe,Yes,Multi Vehicle
ACC437,2023-04-24,15:25,Kaduna,Rural Road,Rural Road,Clear,Dry,Afternoon,Motorcycle,3,83,33,Male,5,Distracted Driving,Low,8,3,5,Fatal,38,Good,Unknown,Yes,Unknown,Road Sign,Severe,No,Multi Vehicle
ACC438,2024-12-17,23:43,Lagos,Expressway,Expressway,Rainy,Wet,Night,Motorcycle,1,140,27,Male,7,Reckless Driving,Low,1,0,1,Serious,35,Poor,Unknown,No,No,None,Severe,Yes,Single Vehicle
ACC439,2024-05-30,23:35,Oyo,Industrial Area,Federal Road,Clear,Potholes,Night,Car,2,92,57,Female,18,Distracted Driving,Moderate,1,0,1,Minor,22,Good,Yes,Not Applicable,No,Road Sign,High,No,Multi Vehicle
ACC440,2024-09-27,15:27,Plateau,Market Area,Urban Road,Heavy Rain,Potholes,Afternoon,Motorcycle,2,25,28,Male,9,Mechanical Failure,High,3,0,3,Minor,22,Moderate,Unknown,Yes,No,Road Sign,Low,Yes,Motorcycle Related
ACC441,2023-09-13,06:22,Plateau,Roundabout,Urban Road,Hazy,Wet,Morning,Tanker,4,25,43,Male,6,Poor Road Condition,High,3,0,3,Serious,16,Poor,Yes,Not Applicable,Unknown,Roundabout,Moderate,No,Commercial Vehicle Related
ACC442,2025-03-09,09:11,Lagos,Rural Road,Rural Road,Clear,Dry,Morning,Car,1,72,37,Male,13,Distracted Driving,Low,4,1,3,Serious,32,Good,Unknown,Not Applicable,No,Road Sign,Moderate,No,Single Vehicle
ACC443,2023-03-03,14:48,Imo,Urban Road,State Road,Clear,Poor Surface,Afternoon,Motorcycle,1,46,47,Male,4,Dangerous Overtaking,Low,5,0,5,Serious,15,Good,Unknown,Yes,No,Road Sign,High,No,Single Vehicle
ACC444,2025-07-07,15:41,Akwa Ibom,Junction,State Road,Foggy,Wet,Afternoon,Tricycle,2,29,21,Male,4,Distracted Driving,Moderate,1,0,1,Minor,16,Poor,Unknown,Not Applicable,No,None,Low,No,Multi Vehicle
ACC445,2024-11-15,08:11,Enugu,Urban Road,Urban Road,Clear,Dry,Morning,Motorcycle,2,63,63,Male,21,Fatigue,Moderate,2,0,2,Minor,24,Good,Unknown,Yes,No,Road Sign,Moderate,No,Multi Vehicle
ACC446,2024-02-25,20:45,Kano,Junction,Highway,Clear,Dry,Night,SUV,3,80,18,Female,1,Mechanical Failure,Moderate,3,0,3,Minor,14,Good,Yes,Not Applicable,No,Police Officer,High,No,Multi Vehicle
ACC447,2024-09-13,17:03,Abuja (FCT),Urban Road,Urban Road,Clear,Dry,Evening,Car,1,27,43,Male,25,Dangerous Overtaking,Moderate,0,0,0,Minor,18,Good,No,Not Applicable,No,Road Sign,Low,Yes,Single Vehicle
ACC448,2025-03-28,10:20,Akwa Ibom,Residential Area,Residential Road,Clear,Dry,Morning,Motorcycle,1,36,19,Male,2,Speeding,Low,2,0,2,Minor,36,Good,Unknown,No,No,None,Low,No,Single Vehicle
ACC449,2024-02-16,09:11,Ogun,Residential Area,State Road,Cloudy,Dry,Morning,Motorcycle,1,70,38,Female,11,Dangerous Overtaking,Low,5,0,5,Serious,25,Good,Unknown,Yes,No,Speed Bump,Moderate,No,Motorcycle Related
ACC450,2025-11-11,20:44,Kano,Major Highway,Expressway,Heavy Rain,Potholes,Night,Van,2,122,33,Male,4,Weather Condition,Moderate,3,0,3,Serious,36,Good,No,Not Applicable,No,None,Severe,No,Commercial Vehicle Related
ACC451,2025-06-09,09:56,Rivers,Junction,Urban Road,Clear,Potholes,Morning,Tanker,1,41,35,Female,13,Fatigue,Moderate,1,0,1,Minor,22,Good,No,Not Applicable,No,None,Low,No,Single Vehicle
ACC452,2023-11-23,14:36,Lagos,Residential Area,Residential Road,Clear,Dry,Afternoon,Car,2,33,26,Female,8,Brake Failure,Low,1,0,1,Minor,8,Poor,Yes,Not Applicable,No,Speed Bump,Low,No,Multi Vehicle
ACC453,2025-10-23,19:02,Cross River,Junction,Federal Road,Clear,Dry,Evening,SUV,2,66,18,Male,1,Distracted Driving,Moderate,3,0,3,Minor,27,Moderate,Yes,Not Applicable,No,Traffic Light,Moderate,No,Pedestrian Involvement
ACC454,2024-01-03,12:53,Lagos,Major Highway,Expressway,Clear,Dry,Afternoon,Motorcycle,3,82,36,Female,16,Reckless Driving,High,1,0,1,Minor,25,Good,Unknown,Yes,No,Road Sign,High,No,Motorcycle Related
ACC455,2024-01-18,14:31,Kaduna,Expressway,Federal Road,Clear,Potholes,Afternoon,Motorcycle,2,98,46,Female,9,Speeding,Moderate,6,2,4,Serious,13,Moderate,Unknown,Yes,No,Road Sign,High,Yes,Motorcycle Related
ACC456,2024-04-21,06:35,Abia,Junction,Highway,Hazy,Dry,Morning,Bus,5,72,29,Male,8,Fatigue,Moderate,3,0,3,Minor,11,Good,Yes,Not Applicable,No,None,Severe,No,Commercial Vehicle Related
ACC457,2025-05-13,04:33,Lagos,Major Highway,Federal Road,Clear,Under Construction,Early Morning,Bus,2,119,55,Female,28,Poor Road Condition,High,3,0,3,Serious,55,Good,Unknown,Not Applicable,No,None,Severe,No,Commercial Vehicle Related
ACC458,2023-08-17,08:19,Kaduna,Urban Road,State Road,Heavy Rain,Wet,Morning,Motorcycle,4,32,40,Male,10,Brake Failure,High,6,0,6,Fatal,18,Poor,Unknown,No,No,Road Sign,High,Yes,Multi Vehicle
ACC459,2025-03-14,07:02,Abuja (FCT),Expressway,Expressway,Rainy,Wet,Morning,Motorcycle,3,54,30,Male,8,Weather Condition,High,6,0,6,Serious,31,Moderate,Unknown,No,No,None,Severe,No,Motorcycle Related
ACC460,2023-04-25,02:22,Rivers,Junction,Highway,Clear,Poor Surface,Early Morning,Van,2,85,48,Male,12,Mechanical Failure,Moderate,1,0,1,Minor,36,Good,No,Not Applicable,Unknown,Traffic Light,Moderate,No,Commercial Vehicle Related
ACC461,2024-01-20,20:07,Rivers,Junction,Highway,Cloudy,Dry,Night,Trailer,4,74,36,Male,4,Distracted Driving,High,2,0,2,Minor,36,Good,Yes,Not Applicable,No,Speed Bump,Moderate,No,Pedestrian Involvement
ACC462,2024-11-01,07:22,Nasarawa,Roundabout,Highway,Rainy,Under Construction,Morning,Truck,2,68,30,Male,3,Mechanical Failure,High,2,0,2,Minor,32,Moderate,Unknown,Not Applicable,No,Road Sign,Moderate,Yes,Multi Vehicle
ACC463,2023-12-17,04:17,Abia,Expressway,Expressway,Heavy Rain,Poor Surface,Early Morning,Bus,1,129,42,Female,24,Speeding,High,7,0,7,Serious,25,Poor,Yes,Not Applicable,No,None,Severe,Yes,Single Vehicle
ACC464,2025-12-02,11:26,Lagos,Roundabout,Urban Road,Cloudy,Dry,Morning,Car,3,25,47,Male,6,Animal Crossing,High,5,0,5,Serious,10,Moderate,Unknown,Not Applicable,No,Roundabout,Moderate,No,Multi Vehicle
ACC465,2024-12-11,18:39,Plateau,Major Highway,Expressway,Clear,Dry,Evening,Van,3,67,59,Male,21,Fatigue,Moderate,1,0,1,Minor,37,Good,Unknown,Not Applicable,No,Road Sign,Moderate,No,Commercial Vehicle Related
ACC466,2025-04-15,15:54,Kaduna,Market Area,State Road,Rainy,Poor Surface,Afternoon,Car,1,52,59,Male,8,Drunk Driving,Low,2,0,2,Minor,19,Moderate,Unknown,Not Applicable,Yes,None,Moderate,Yes,Single Vehicle
ACC467,2025-01-28,05:42,Anambra,Junction,State Road,Heavy Rain,Flooded,Early Morning,Car,2,54,30,Female,3,Distracted Driving,Moderate,4,0,4,Serious,21,Poor,No,Not Applicable,No,Traffic Light,Moderate,Yes,Multi Vehicle
ACC468,2023-08-06,09:26,Kano,Bridge,Federal Road,Foggy,Potholes,Morning,Car,3,64,27,Male,7,Poor Road Condition,Moderate,2,0,2,Minor,34,Poor,Unknown,Not Applicable,No,None,Moderate,Yes,Multi Vehicle
ACC469,2024-02-16,00:48,Abuja (FCT),Market Area,Residential Road,Cloudy,Dry,Early Morning,Motorcycle,3,35,45,Male,8,Animal Crossing,High,1,0,1,Minor,5,Moderate,Unknown,Yes,No,None,Low,No,Multi Vehicle
ACC470,2025-01-28,09:35,Ogun,Rural Road,Rural Road,Clear,Dry,Morning,Motorcycle,2,64,55,Female,26,Wrongful Turning,Low,0,0,0,Minor,18,Moderate,Unknown,Yes,Yes,Road Sign,Low,No,Motorcycle Related
ACC471,2025-11-02,07:29,Lagos,Major Highway,Federal Road,Clear,Dry,Morning,Car,3,79,53,Male,12,Speeding,High,5,1,4,Serious,43,Good,Unknown,Not Applicable,Unknown,Road Sign,High,No,Multi Vehicle
ACC472,2024-01-07,08:28,Ogun,Urban Road,Urban Road,Hazy,Dry,Morning,Truck,2,51,30,Male,6,Dangerous Overtaking,High,3,0,3,Minor,21,Moderate,No,Not Applicable,No,Road Sign,Low,No,Multi Vehicle
ACC473,2025-08-01,20:11,Abuja (FCT),Industrial Area,Federal Road,Clear,Potholes,Night,Motorcycle,3,130,25,Female,3,Distracted Driving,Moderate,4,1,3,Fatal,31,Good,Unknown,Yes,No,Road Sign,Severe,No,Motorcycle Related
ACC474,2023-06-29,00:50,Delta,Major Highway,Highway,Cloudy,Flooded,Early Morning,Bus,1,117,43,Male,17,Brake Failure,Moderate,10,1,9,Fatal,60,Good,Yes,Not Applicable,No,Police Officer,Severe,No,Single Vehicle
ACC475,2023-07-01,06:34,Enugu,Urban Road,State Road,Clear,Under Construction,Morning,Car,2,77,38,Female,7,Vehicle Tyre Failure,Moderate,2,0,2,Minor,29,Good,Yes,Not Applicable,No,Road Sign,High,No,Multi Vehicle
ACC476,2025-09-28,16:23,Oyo,Roundabout,Highway,Clear,Dry,Afternoon,Truck,3,61,18,Male,1,Animal Crossing,High,1,0,1,Minor,17,Good,Yes,Not Applicable,No,Roundabout,Severe,No,Commercial Vehicle Related
ACC477,2025-11-19,19:56,Lagos,Market Area,Residential Road,Rainy,Wet,Evening,Tricycle,1,43,54,Male,18,Fatigue,Moderate,2,0,2,Minor,13,Moderate,Unknown,Not Applicable,Unknown,Speed Bump,Low,Yes,Single Vehicle
ACC478,2023-10-06,03:04,Benue,Bridge,State Road,Cloudy,Poor Surface,Early Morning,Car,1,62,35,Female,11,Reckless Driving,Low,5,3,2,Fatal,43,Good,Yes,Not Applicable,No,Traffic Light,High,No,Single Vehicle
ACC479,2023-10-03,19:12,Niger,Industrial Area,Urban Road,Rainy,Wet,Evening,Car,3,52,34,Male,10,Mechanical Failure,Moderate,2,0,2,Minor,31,Good,Unknown,Not Applicable,No,Police Officer,Low,No,Multi Vehicle
ACC480,2024-09-14,07:04,Kano,Bridge,Highway,Cloudy,Dry,Morning,Car,1,91,21,Female,3,Speeding,Moderate,4,0,4,Fatal,10,Moderate,Yes,Not Applicable,No,None,Severe,No,Single Vehicle
ACC481,2024-10-03,05:04,Cross River,Roundabout,Highway,Rainy,Wet,Early Morning,Truck,3,59,19,Male,2,Fatigue,High,6,0,6,Serious,5,Good,Unknown,Not Applicable,No,None,Severe,No,Multi Vehicle
ACC482,2023-09-26,05:28,Anambra,Industrial Area,Highway,Cloudy,Dry,Early Morning,Car,4,117,32,Male,11,Brake Failure,High,7,0,7,Serious,26,Good,No,Not Applicable,No,None,Severe,No,Multi Vehicle
ACC483,2023-08-01,05:46,Abuja (FCT),Expressway,Expressway,Clear,Dry,Early Morning,Bus,4,91,18,Male,1,Fatigue,Low,13,0,13,Fatal,19,Good,Yes,Not Applicable,No,None,Severe,No,Commercial Vehicle Related
ACC484,2023-01-19,17:14,Niger,Rural Road,State Road,Hazy,Dry,Evening,SUV,2,92,18,Male,1,Distracted Driving,Low,1,0,1,Minor,35,Moderate,Yes,Not Applicable,No,None,Moderate,No,Multi Vehicle
ACC485,2024-05-11,15:45,Delta,Major Highway,Federal Road,Cloudy,Wet,Afternoon,Tanker,6,82,38,Male,6,Brake Failure,High,8,0,8,Serious,10,Good,Yes,Not Applicable,No,Police Officer,Severe,No,Multi Vehicle
ACC486,2023-01-16,03:00,Niger,Roundabout,State Road,Clear,Dry,Early Morning,SUV,3,39,43,Male,17,Fatigue,Moderate,4,0,4,Serious,25,Good,Yes,Not Applicable,No,Roundabout,Moderate,No,Multi Vehicle
ACC487,2025-02-01,14:03,Plateau,Urban Road,State Road,Cloudy,Under Construction,Afternoon,Truck,2,68,31,Male,6,Brake Failure,Moderate,2,0,2,Minor,32,Moderate,Yes,Not Applicable,No,Road Sign,Moderate,No,Commercial Vehicle Related
ACC488,2024-01-22,09:44,Akwa Ibom,Rural Road,Rural Road,Cloudy,Potholes,Morning,Car,2,84,29,Male,6,Distracted Driving,Low,3,1,2,Serious,20,Good,Yes,Not Applicable,No,Speed Bump,Severe,No,Multi Vehicle
ACC489,2024-08-15,21:31,Rivers,Major Highway,Highway,Rainy,Poor Surface,Night,Bus,6,96,18,Male,1,Wrongful Turning,Moderate,4,2,2,Serious,33,Moderate,Unknown,Not Applicable,No,Police Officer,Severe,No,Multi Vehicle
ACC490,2024-03-13,21:49,Enugu,Roundabout,State Road,Clear,Dry,Night,Motorcycle,3,46,45,Male,18,Poor Road Condition,Moderate,3,0,3,Serious,24,Good,Unknown,No,No,Roundabout,High,No,Multi Vehicle
ACC491,2023-02-20,14:00,Kano,Market Area,State Road,Rainy,Poor Surface,Afternoon,Car,6,25,19,Male,1,Weather Condition,High,2,0,2,Minor,33,Moderate,Yes,Not Applicable,No,Road Sign,Moderate,No,Multi Vehicle
ACC492,2025-04-03,15:10,Cross River,Urban Road,Residential Road,Clear,Potholes,Afternoon,Car,2,28,44,Female,17,Speeding,High,9,1,8,Fatal,13,Good,No,Not Applicable,Unknown,Road Sign,High,No,Multi Vehicle
ACC493,2023-08-29,03:18,Ogun,Rural Road,Rural Road,Clear,Poor Surface,Early Morning,Car,1,71,36,Female,18,Poor Road Condition,Low,1,0,1,Minor,39,Good,Yes,Not Applicable,No,None,Moderate,No,Single Vehicle
ACC494,2024-07-14,15:25,Akwa Ibom,Major Highway,Expressway,Heavy Rain,Potholes,Afternoon,Truck,3,103,42,Male,10,Reckless Driving,Low,5,1,4,Serious,38,Poor,No,Not Applicable,No,Police Officer,Severe,Yes,Multi Vehicle
ACC495,2025-02-11,07:45,Anambra,Major Highway,Expressway,Hazy,Under Construction,Morning,Trailer,5,78,50,Male,21,Poor Road Condition,High,5,1,4,Serious,26,Poor,Yes,Not Applicable,No,None,Severe,No,Commercial Vehicle Related
ACC496,2023-06-19,14:37,Cross River,Expressway,Federal Road,Clear,Potholes,Afternoon,SUV,1,91,37,Male,4,Speeding,Low,2,0,2,Minor,28,Good,Yes,Not Applicable,No,Road Sign,High,No,Single Vehicle
ACC497,2024-04-29,12:57,Lagos,Urban Road,Residential Road,Cloudy,Dry,Afternoon,Motorcycle,2,52,37,Male,4,Distracted Driving,Low,8,3,5,Fatal,23,Moderate,Unknown,Yes,No,Police Officer,High,No,Multi Vehicle
ACC498,2023-03-14,02:26,Oyo,Rural Road,State Road,Hazy,Dry,Early Morning,Bus,1,86,25,Female,3,Weather Condition,Low,2,0,2,Minor,41,Moderate,Yes,Not Applicable,No,None,High,Yes,Single Vehicle
ACC499,2023-05-22,17:26,Kaduna,Expressway,Expressway,Clear,Dry,Evening,Car,1,97,46,Male,2,Drunk Driving,Low,1,0,1,Minor,24,Good,Yes,Not Applicable,Yes,None,High,No,Single Vehicle
ACC500,2023-09-08,07:54,Oyo,Major Highway,Highway,Clear,Dry,Morning,Bus,5,109,36,Male,17,Speeding,High,8,1,7,Fatal,44,Good,Yes,Not Applicable,No,Road Sign,Severe,No,Commercial Vehicle Related
